LISTA,CANDIDATO
LIBERISTI ITALIANI,TERESA DEVITO
LIBERISTI ITALIANI,DARIO CACACE
LIBERISTI ITALIANI,DAVIDE CAPERNA
LIBERISTI ITALIANI,DOMENICO GAROLLO
LIBERISTI ITALIANI,PAOLA LEONI
LIBERISTI ITALIANI,MARGARITA GOLOVACHEVA
LIBERISTI ITALIANI,SERGIO MANTO
LIBERISTI ITALIANI,LUCA VISCONTI
LIBERISTI ITALIANI,BARBARA BERNAUDO
LIBERISTI ITALIANI,EMANUELA BONFILI
LIBERISTI ITALIANI,CLAUDIA CANINI
LIBERISTI ITALIANI,CRISTIANA CARDARELLI
LIBERISTI ITALIANI,ANDREA DE ANGELIS
LIBERISTI ITALIANI,FULVIO DIANA
LIBERISTI ITALIANI,MAURO MOSSA
LIBERISTI ITALIANI,CRISTINA SPARVIERI
LIBERISTI ITALIANI,FABIO TIDEI
MOVIMENTO STORICO ROMANO LISTA NERONE,NATALINA BELELLI
MOVIMENTO STORICO ROMANO LISTA NERONE,EMANUELA BONAMORE
MOVIMENTO STORICO ROMANO LISTA NERONE,NICOLETTA BORSEI
MOVIMENTO STORICO ROMANO LISTA NERONE,RENATO BRUNI
MOVIMENTO STORICO ROMANO LISTA NERONE,CARLO CARLI
MOVIMENTO STORICO ROMANO LISTA NERONE,CARMELO CATANZARO
MOVIMENTO STORICO ROMANO LISTA NERONE,GIAMMARINO MAURILIO COLNAGO
MOVIMENTO STORICO ROMANO LISTA NERONE,NAZZARIO LETI MAGGIO
MOVIMENTO STORICO ROMANO LISTA NERONE,VERENA LUTHI
MOVIMENTO STORICO ROMANO LISTA NERONE,FLUTURA MALOKU
MOVIMENTO STORICO ROMANO LISTA NERONE,TOSHKA MARINOVA MARINOVA
MOVIMENTO STORICO ROMANO LISTA NERONE,PIETRO NOTARGIOVANNI
MOVIMENTO STORICO ROMANO LISTA NERONE,MARIA VERONICA OROFINO
MOVIMENTO STORICO ROMANO LISTA NERONE,SERENA PICCOLOMINI
MOVIMENTO STORICO ROMANO LISTA NERONE,ANDREA POLI
MOVIMENTO STORICO ROMANO LISTA NERONE,GIORGIO VITALI
RICONQUISTARE L'ITALIA,NINO DI CICCO
RICONQUISTARE L'ITALIA,GIUSEPPINA LAUDONI
RICONQUISTARE L'ITALIA,PIERFRANCESCO MELFI
RICONQUISTARE L'ITALIA,MARINELLA SALA
RICONQUISTARE L'ITALIA,LUIGI ALTOBELLI
RICONQUISTARE L'ITALIA,ORAZIO FIDERIO
RICONQUISTARE L'ITALIA,PATRIZIA RICCHIUTO
RICONQUISTARE L'ITALIA,MAURIZIO SAVONI
RICONQUISTARE L'ITALIA,LUCA BENNATI
RICONQUISTARE L'ITALIA,RUGGERO MONACO
RICONQUISTARE L'ITALIA,ALESSANDRO CARITA'
RICONQUISTARE L'ITALIA,FRANCESCO MARIA VALERIANI
RICONQUISTARE L'ITALIA,MANUEL BARBA
RICONQUISTARE L'ITALIA,AGATA ANNA GIANNELLI
RICONQUISTARE L'ITALIA,MARIA CRISTIANO
RICONQUISTARE L'ITALIA,ROSA SPADAFORA
RICONQUISTARE L'ITALIA,EMILIANO ALFEDI
IL POPOLO DELLA FAMIGLIA NO GENDER NELLE SCUOLE,SIMONE DEL BROCCO
IL POPOLO DELLA FAMIGLIA NO GENDER NELLE SCUOLE,DANIELA TODARO
IL POPOLO DELLA FAMIGLIA NO GENDER NELLE SCUOLE,ALESSIO ABOAF
IL POPOLO DELLA FAMIGLIA NO GENDER NELLE SCUOLE,BARBARA VACATELLO
IL POPOLO DELLA FAMIGLIA NO GENDER NELLE SCUOLE,GENNARO CONTARDI
IL POPOLO DELLA FAMIGLIA NO GENDER NELLE SCUOLE,JACQUELINE ROXANA QUIMI CATALAN
IL POPOLO DELLA FAMIGLIA NO GENDER NELLE SCUOLE,SIMONE SVELTO
IL POPOLO DELLA FAMIGLIA NO GENDER NELLE SCUOLE,ANNA SCUTTI MARCHESANI
IL POPOLO DELLA FAMIGLIA NO GENDER NELLE SCUOLE,MASSIMO DI GREGORIO
IL POPOLO DELLA FAMIGLIA NO GENDER NELLE SCUOLE,NICOLETTA ROSSI
IL POPOLO DELLA FAMIGLIA NO GENDER NELLE SCUOLE,SERGIO NICOLAMME
IL POPOLO DELLA FAMIGLIA NO GENDER NELLE SCUOLE,ALFREDO FAVA
IL POPOLO DELLA FAMIGLIA NO GENDER NELLE SCUOLE,ALESSANDRO SERGIO
IL POPOLO DELLA FAMIGLIA NO GENDER NELLE SCUOLE,ROSANNA PETRUZZI
IL POPOLO DELLA FAMIGLIA NO GENDER NELLE SCUOLE,FABIO MASTELLONE
IL POPOLO DELLA FAMIGLIA NO GENDER NELLE SCUOLE,PATRIZIA FAVA
LISTA CIVICA VIRGINIA RAGGI,PATRIZIA FARRONI
LISTA CIVICA VIRGINIA RAGGI,ALBERTO FRANCIOSI
LISTA CIVICA VIRGINIA RAGGI,LUCILLA MOSCUZZA
LISTA CIVICA VIRGINIA RAGGI,FRANCESCO SARTINI
LISTA CIVICA VIRGINIA RAGGI,ANA CONSTANZA ESCOBAR
LISTA CIVICA VIRGINIA RAGGI,DANIELE BIANCONI
LISTA CIVICA VIRGINIA RAGGI,MARIA ANTONIETTA BLOIS
LISTA CIVICA VIRGINIA RAGGI,MARCELLO GUIDO
LISTA CIVICA VIRGINIA RAGGI,ALBERTO CAVAZZANI
LISTA CIVICA VIRGINIA RAGGI,TANIA VANNUTELLI
LISTA CIVICA VIRGINIA RAGGI,PIETRO CONTI
LISTA CIVICA VIRGINIA RAGGI,LAURA ROSATI
LISTA CIVICA VIRGINIA RAGGI,BARBARA FRANCESCA VARINI
LISTA CIVICA VIRGINIA RAGGI,DAVIDE CARLO MARIA FERRARIS
LISTA CIVICA VIRGINIA RAGGI,ARIANNA RENDINA
LISTA CIVICA VIRGINIA RAGGI,FAUSTO LUIGI CAGGIA
LISTA CIVICA VIRGINIA RAGGI,ANNA CHIARA TORTI
LISTA CIVICA VIRGINIA RAGGI,FRANCESCO CONDELLO
MOVIMENTO CINQUE STELLE 2050,MARINA RITA LOCATELLI
MOVIMENTO CINQUE STELLE 2050,SIMONE SAID ABDEL AZIZ
MOVIMENTO CINQUE STELLE 2050,MARINA BATTISTI
MOVIMENTO CINQUE STELLE 2050,CARLO MASULLO
MOVIMENTO CINQUE STELLE 2050,PATRIZIA PERROTTA
MOVIMENTO CINQUE STELLE 2050,SERGIO IESCONE
MOVIMENTO CINQUE STELLE 2050,RICCARDO MARSELLA
MOVIMENTO CINQUE STELLE 2050,GIANLUCA EGEO LONDEI
MOVIMENTO CINQUE STELLE 2050,ALESSANDRO GINESTRI
MOVIMENTO CINQUE STELLE 2050,ALFIO PETRALIA
MOVIMENTO CINQUE STELLE 2050,GIUSEPPE ROSSIELLO
MOVIMENTO CINQUE STELLE 2050,RIZIERO AGOSTINELLI
MOVIMENTO CINQUE STELLE 2050,PAOLA BARILE
MOVIMENTO CINQUE STELLE 2050,FABRIZIO DADO'
MOVIMENTO CINQUE STELLE 2050,ANTONIO DI PINO
MOVIMENTO CINQUE STELLE 2050,ELENA GIULIA ESPOSITI
MOVIMENTO CINQUE STELLE 2050,MICHELE MIRANTE
MOVIMENTO CINQUE STELLE 2050,CHIARA PETRAGNANI
MOVIMENTO CINQUE STELLE 2050,MARCO INCOGNITO RANDAZZO
MOVIMENTO CINQUE STELLE 2050,FABRIZIO ROMANI
MOVIMENTO CINQUE STELLE 2050,CLELIA TANZARELLA
MOVIMENTO CINQUE STELLE 2050,GILBERTO KALENDA
MOVIMENTO CINQUE STELLE 2050,RAFFAELLA MARIA TIBERI
MOVIMENTO CINQUE STELLE 2050,RITA LUCIA CATERINA TINNIRELLO
CALENDA SINDACO,LIVIA PANDOLFI
CALENDA SINDACO,GIOVANNI PASSALACQUA
CALENDA SINDACO,SILVIA AMBROSIO
CALENDA SINDACO,ALESSANDRO ARISTA
CALENDA SINDACO,CHIARA ATTILI
CALENDA SINDACO,FELICIA BELLONE
CALENDA SINDACO,GIANFRANCO BUSSETI
CALENDA SINDACO,ANDREA CALDERONE
CALENDA SINDACO,MARIA COCCIANTE
CALENDA SINDACO,LUCA COCOCCIA
CALENDA SINDACO,VALERIO D'ANGELI
CALENDA SINDACO,GIANFRANCO D'ARIENZO
CALENDA SINDACO,WALTER FELICIANI
CALENDA SINDACO,MASSIMO GARIBALDI
CALENDA SINDACO,STEFANO LA TORRE
CALENDA SINDACO,STEFANO MASELLI
CALENDA SINDACO,PAOLO PINO
CALENDA SINDACO,ROMAN PASTORE
CALENDA SINDACO,FEDERICO POLELLA
CALENDA SINDACO,ALESSIA SALINETTI
CALENDA SINDACO,LUISA SAULINO
CALENDA SINDACO,MIRKO SOTORINO
CALENDA SINDACO,DEBORA TERENZI
CALENDA SINDACO,ANTONELLO VENEZIANO
REVOLUZIONE CIVICA,DANIELE CHERUBINI
REVOLUZIONE CIVICA,LUCA CASANTINI
REVOLUZIONE CIVICA,VALENTINA CALABRO'
REVOLUZIONE CIVICA,ROBERTO BRANDI
REVOLUZIONE CIVICA,PAOLA RICCARDI
REVOLUZIONE CIVICA,SAMUELE SICA
REVOLUZIONE CIVICA,PATRIZIA RICCIONI
REVOLUZIONE CIVICA,MATTEO MARCHESINI
REVOLUZIONE CIVICA,CLAUDIA MARCELLA FIRMANI
REVOLUZIONE CIVICA,LUCIO MAZZANTI
REVOLUZIONE CIVICA,SIMONE DE COLLIBUS
REVOLUZIONE CIVICA,LIDIA MERLO
REVOLUZIONE CIVICA,ANDREA CHERUBINI
REVOLUZIONE CIVICA,ANDREA PREVITI
REVOLUZIONE CIVICA,SALVATORE MICHELE GUIDA
REVOLUZIONE CIVICA,GERMANA DI PIETRO
REVOLUZIONE CIVICA,NOEMI ARCESE
REVOLUZIONE CIVICA,LUCA FERRAIOLO
RINASCIMENTO SGARBI MICHETTI SINDACO CAMBIAMO ROMA,ANTONELLA AURORA ARCIULO
RINASCIMENTO SGARBI MICHETTI SINDACO CAMBIAMO ROMA,STEFANO ARDIZZONE
RINASCIMENTO SGARBI MICHETTI SINDACO CAMBIAMO ROMA,VIRNA DI MATTEO
RINASCIMENTO SGARBI MICHETTI SINDACO CAMBIAMO ROMA,MONICA FEMIA
RINASCIMENTO SGARBI MICHETTI SINDACO CAMBIAMO ROMA,FRANCESCO GIRONE
RINASCIMENTO SGARBI MICHETTI SINDACO CAMBIAMO ROMA,ENRICO GUTIERREZ TOMASSETTI
RINASCIMENTO SGARBI MICHETTI SINDACO CAMBIAMO ROMA,MARIANA LAIOLO
RINASCIMENTO SGARBI MICHETTI SINDACO CAMBIAMO ROMA,AMEDEO LONGOBARDI
RINASCIMENTO SGARBI MICHETTI SINDACO CAMBIAMO ROMA,LUISA LUZZI
RINASCIMENTO SGARBI MICHETTI SINDACO CAMBIAMO ROMA,STEFANO MARRARA
RINASCIMENTO SGARBI MICHETTI SINDACO CAMBIAMO ROMA,IDA FELICITA MICHELETTI
RINASCIMENTO SGARBI MICHETTI SINDACO CAMBIAMO ROMA,AGNESE ADELE MORETTONI
RINASCIMENTO SGARBI MICHETTI SINDACO CAMBIAMO ROMA,GIANLUCA PECIAROLO
RINASCIMENTO SGARBI MICHETTI SINDACO CAMBIAMO ROMA,FRANCESCO PIZZINI
RINASCIMENTO SGARBI MICHETTI SINDACO CAMBIAMO ROMA,CRISTIANO RIGGIO
RINASCIMENTO SGARBI MICHETTI SINDACO CAMBIAMO ROMA,ALESSANDRO RUBINI
RINASCIMENTO SGARBI MICHETTI SINDACO CAMBIAMO ROMA,CLAUDIO SPITALERI
RINASCIMENTO SGARBI MICHETTI SINDACO CAMBIAMO ROMA,LUDOVICA TEDONE
RINASCIMENTO SGARBI MICHETTI SINDACO CAMBIAMO ROMA,MONICA TOMASSONI
RINASCIMENTO SGARBI MICHETTI SINDACO CAMBIAMO ROMA,SUSANNA VENANZONI
RINASCIMENTO SGARBI MICHETTI SINDACO CAMBIAMO ROMA,ROSSANO ZIZZARI
LISTA CIVICA MICHETTI SINDACO,EMANUELE ASTORINO
LISTA CIVICA MICHETTI SINDACO,ELEONORA ATTENNI
LISTA CIVICA MICHETTI SINDACO,AUGUSTO BONVICINI
LISTA CIVICA MICHETTI SINDACO,MICAELA CECI
LISTA CIVICA MICHETTI SINDACO,FRANCESCA CONSORTI
LISTA CIVICA MICHETTI SINDACO,ANTONIO DE NAPOLI
LISTA CIVICA MICHETTI SINDACO,LUCA GARGIULO
LISTA CIVICA MICHETTI SINDACO,ALESSIA GRIPPO
LISTA CIVICA MICHETTI SINDACO,FRANCESCO INNOCENTI
LISTA CIVICA MICHETTI SINDACO,FEDERICA LONGO
LISTA CIVICA MICHETTI SINDACO,LUIGI MARCELLI
LISTA CIVICA MICHETTI SINDACO,DOMENICO MAZZACUVA
LISTA CIVICA MICHETTI SINDACO,ROBERTO PANFILIO
LISTA CIVICA MICHETTI SINDACO,RAFFAELE PICONE
LISTA CIVICA MICHETTI SINDACO,PATRIZIA RICCITELLI
LISTA CIVICA MICHETTI SINDACO,ROBERTA SCARINCI
LEGA SALVINI PREMIER,MARIO ASTOLFI
LEGA SALVINI PREMIER,FABRIZIO BEVILACQUA
LEGA SALVINI PREMIER,VINCENZO BABUSCI
LEGA SALVINI PREMIER,ALEANDRO BERNARDUCCI
LEGA SALVINI PREMIER,MONICA BONARRIGO
LEGA SALVINI PREMIER,ROBERTA DI CRISTOFARO
LEGA SALVINI PREMIER,VALERIO FABI
LEGA SALVINI PREMIER,GIAMPIERO FONTANA
LEGA SALVINI PREMIER,UBALDO GENTILE
LEGA SALVINI PREMIER,LAURA INFANTE
LEGA SALVINI PREMIER,RITA INNOCENTI
LEGA SALVINI PREMIER,ANDREA LOFOCO
LEGA SALVINI PREMIER,EMANUELE MANCINI
LEGA SALVINI PREMIER,FRANCESCA MATTEI
LEGA SALVINI PREMIER,DAVIDE MISURACA
LEGA SALVINI PREMIER,GIULIANO PALOZZO
LEGA SALVINI PREMIER,CLAUDIA PITONI
LEGA SALVINI PREMIER,GAETANO RICCIARDOLO
LEGA SALVINI PREMIER,STEFANO RIPANUCCI
LEGA SALVINI PREMIER,FRANCESCA SIENA
LEGA SALVINI PREMIER,MASSIMILIANO STALLONE
LEGA SALVINI PREMIER,CHRISTIAN TETI
LEGA SALVINI PREMIER,LUANA VALLE
LEGA SALVINI PREMIER,MARCO VENDETTI
GIORGIA MELONI FRATELLI D'ITALIA,MONICA ANTONELLI
GIORGIA MELONI FRATELLI D'ITALIA,ALESSIA BAMBAGIOTTI
GIORGIA MELONI FRATELLI D'ITALIA,ERSILIA BARRACCA
GIORGIA MELONI FRATELLI D'ITALIA,MANUEL BARTOLOMEO
GIORGIA MELONI FRATELLI D'ITALIA,FRANCESCA BURRI
GIORGIA MELONI FRATELLI D'ITALIA,ARTURO ANTONELLO COLAIERA'
GIORGIA MELONI FRATELLI D'ITALIA,RAFFAELE delli CARRI
GIORGIA MELONI FRATELLI D'ITALIA,SIMONE DI STEFANO
GIORGIA MELONI FRATELLI D'ITALIA,PAOLO DUCA
GIORGIA MELONI FRATELLI D'ITALIA,PIETRO ANTONIO FARINA
GIORGIA MELONI FRATELLI D'ITALIA,ALESSANDRO GUERRA
GIORGIA MELONI FRATELLI D'ITALIA,ANDREA IACOVITTI
GIORGIA MELONI FRATELLI D'ITALIA,VALERIO LA NOCE
GIORGIA MELONI FRATELLI D'ITALIA,MARA LUCIOLI
GIORGIA MELONI FRATELLI D'ITALIA,MASSIMILIANO MANCINI
GIORGIA MELONI FRATELLI D'ITALIA,EMANUELA MANDATORI
GIORGIA MELONI FRATELLI D'ITALIA,PRISCILLA MORINI
GIORGIA MELONI FRATELLI D'ITALIA,SERGIO PIRAINO
GIORGIA MELONI FRATELLI D'ITALIA,GIUSEPPE SALVATI CELESTINO
GIORGIA MELONI FRATELLI D'ITALIA,FABRIZIO SANTINELLI
GIORGIA MELONI FRATELLI D'ITALIA,GIULIANO SEVERONI
GIORGIA MELONI FRATELLI D'ITALIA,PAOLA SURIANO
GIORGIA MELONI FRATELLI D'ITALIA,MAURO TERLIZZI
GIORGIA MELONI FRATELLI D'ITALIA,SERENA TROIANI
FORZA ITALIA - BERLUSCONI PER MICHETTI - LIBERTAS - UNIONE,ROBERTO BORGHERESI
FORZA ITALIA - BERLUSCONI PER MICHETTI - LIBERTAS - UNIONE,FIORELLA BRUNO
FORZA ITALIA - BERLUSCONI PER MICHETTI - LIBERTAS - UNIONE,FABRIZIO CAPEZZUOLI
FORZA ITALIA - BERLUSCONI PER MICHETTI - LIBERTAS - UNIONE,MAURIZIO CATALANO
FORZA ITALIA - BERLUSCONI PER MICHETTI - LIBERTAS - UNIONE,LAURA CERRONI
FORZA ITALIA - BERLUSCONI PER MICHETTI - LIBERTAS - UNIONE,LUCIANO CIRULLI
FORZA ITALIA - BERLUSCONI PER MICHETTI - LIBERTAS - UNIONE,PASQUALE COVIELLO
FORZA ITALIA - BERLUSCONI PER MICHETTI - LIBERTAS - UNIONE,EMMANUELE DI LEO
FORZA ITALIA - BERLUSCONI PER MICHETTI - LIBERTAS - UNIONE,ELISA DI PAOLO
FORZA ITALIA - BERLUSCONI PER MICHETTI - LIBERTAS - UNIONE,MICHELA FORTI
FORZA ITALIA - BERLUSCONI PER MICHETTI - LIBERTAS - UNIONE,TERESA FRANCIOSI
FORZA ITALIA - BERLUSCONI PER MICHETTI - LIBERTAS - UNIONE,DANIELA FRANCO
FORZA ITALIA - BERLUSCONI PER MICHETTI - LIBERTAS - UNIONE,ELISABETTA LEONARDI
FORZA ITALIA - BERLUSCONI PER MICHETTI - LIBERTAS - UNIONE,ANDREA LEPONE
FORZA ITALIA - BERLUSCONI PER MICHETTI - LIBERTAS - UNIONE,GIULIA GIOVANNA MARCUCCI
FORZA ITALIA - BERLUSCONI PER MICHETTI - LIBERTAS - UNIONE,RICCARDO POLLA ACCARDI
FORZA ITALIA - BERLUSCONI PER MICHETTI - LIBERTAS - UNIONE,NITA GHEORGHITA
FORZA ITALIA - BERLUSCONI PER MICHETTI - LIBERTAS - UNIONE,CATIA RANALDI
FORZA ITALIA - BERLUSCONI PER MICHETTI - LIBERTAS - UNIONE,FRANCESCO MARIA ROSSI MERCURI
FORZA ITALIA - BERLUSCONI PER MICHETTI - LIBERTAS - UNIONE,PIETRO SCHIRONE
FORZA ITALIA - BERLUSCONI PER MICHETTI - LIBERTAS - UNIONE,PAOLO SILO
FORZA ITALIA - BERLUSCONI PER MICHETTI - LIBERTAS - UNIONE,MANUEL TIRANTI
FORZA ITALIA - BERLUSCONI PER MICHETTI - LIBERTAS - UNIONE,MASSIMILIANO TOTI
EUROPA VERDE ECOLOGISTA - EUROPEAN GREEN PARTY - VERDI,ALESSANDRO ALBANESE
EUROPA VERDE ECOLOGISTA - EUROPEAN GREEN PARTY - VERDI,ADA NATALI
EUROPA VERDE ECOLOGISTA - EUROPEAN GREEN PARTY - VERDI,GIOVANNI DOTTORINI
EUROPA VERDE ECOLOGISTA - EUROPEAN GREEN PARTY - VERDI,ANGELA CURRENTI
EUROPA VERDE ECOLOGISTA - EUROPEAN GREEN PARTY - VERDI,SAVERIO TRAMONTANA
EUROPA VERDE ECOLOGISTA - EUROPEAN GREEN PARTY - VERDI,CATERINA DELLA VALLE
EUROPA VERDE ECOLOGISTA - EUROPEAN GREEN PARTY - VERDI,LEONILDO MAURI
EUROPA VERDE ECOLOGISTA - EUROPEAN GREEN PARTY - VERDI,DANIELA STORELLI
EUROPA VERDE ECOLOGISTA - EUROPEAN GREEN PARTY - VERDI,RICCARDO CHINI
EUROPA VERDE ECOLOGISTA - EUROPEAN GREEN PARTY - VERDI,GINA NARMUCCI
EUROPA VERDE ECOLOGISTA - EUROPEAN GREEN PARTY - VERDI,ALESSANDRO LEPRE GNERRE
EUROPA VERDE ECOLOGISTA - EUROPEAN GREEN PARTY - VERDI,FLORINDA BARBUTO
EUROPA VERDE ECOLOGISTA - EUROPEAN GREEN PARTY - VERDI,MASSIMILIANO FILIPPI
EUROPA VERDE ECOLOGISTA - EUROPEAN GREEN PARTY - VERDI,FLAVIANA CELIO
EUROPA VERDE ECOLOGISTA - EUROPEAN GREEN PARTY - VERDI,FELICE ALESE
EUROPA VERDE ECOLOGISTA - EUROPEAN GREEN PARTY - VERDI,MARIAROSARIA MORO
EUROPA VERDE ECOLOGISTA - EUROPEAN GREEN PARTY - VERDI,FABRIZIO BOCCOLI
DEMOS DEMOCRAZIA SOLIDALE,ANGELA SILVESTRINI
DEMOS DEMOCRAZIA SOLIDALE,DELIA ABILA
DEMOS DEMOCRAZIA SOLIDALE,ROSSELLA ANTONELLI
DEMOS DEMOCRAZIA SOLIDALE,SIMONE BOBINI
DEMOS DEMOCRAZIA SOLIDALE,ROBERTO BORTONE
DEMOS DEMOCRAZIA SOLIDALE,ALESSANDRA CAMPISANO
DEMOS DEMOCRAZIA SOLIDALE,GIANLUCA CODELLA
DEMOS DEMOCRAZIA SOLIDALE,ROBERTO CRISTOFORI
DEMOS DEMOCRAZIA SOLIDALE,ROBERTO CURCIO
DEMOS DEMOCRAZIA SOLIDALE,FRANCESCO DE DONNO
DEMOS DEMOCRAZIA SOLIDALE,CINZIA DE LUCIA
DEMOS DEMOCRAZIA SOLIDALE,VERONICA DI MARCO
DEMOS DEMOCRAZIA SOLIDALE,VERONICA FRANCHI
DEMOS DEMOCRAZIA SOLIDALE,CRISTIAN GRIMANDI
DEMOS DEMOCRAZIA SOLIDALE,LUCILLA LUVINO
DEMOS DEMOCRAZIA SOLIDALE,DANIELA MARANGIO
DEMOS DEMOCRAZIA SOLIDALE,VINCENZO MENICHINI
DEMOS DEMOCRAZIA SOLIDALE,PAOLO NEGRO
DEMOS DEMOCRAZIA SOLIDALE,MIRANDA PALAZZI
DEMOS DEMOCRAZIA SOLIDALE,MONICA PERSIANI
DEMOS DEMOCRAZIA SOLIDALE,DANIELE ROSSETTI MATARAZZO
DEMOS DEMOCRAZIA SOLIDALE,GABRIELE SANELLI
DEMOS DEMOCRAZIA SOLIDALE,ANTONIO SEGATORI
DEMOS DEMOCRAZIA SOLIDALE,MD ABDUL WADUD
LISTA CIVICA GUALTIERI SINDACO,MARIA TARALLO
LISTA CIVICA GUALTIERI SINDACO,SABRINA ALBIZZI
LISTA CIVICA GUALTIERI SINDACO,MARCO BARLETTA
LISTA CIVICA GUALTIERI SINDACO,ENRICO CARRADORI
LISTA CIVICA GUALTIERI SINDACO,GASTONE CARSETTI
LISTA CIVICA GUALTIERI SINDACO,GIANCARLO CESAREI
LISTA CIVICA GUALTIERI SINDACO,MARIA LAURA DE ANGELIS
LISTA CIVICA GUALTIERI SINDACO,FRANCESCA DE CARLINI
LISTA CIVICA GUALTIERI SINDACO,ELIANA DI MARTINO
LISTA CIVICA GUALTIERI SINDACO,CATIA DI ROCCO
LISTA CIVICA GUALTIERI SINDACO,AMOR ED DIANI
LISTA CIVICA GUALTIERI SINDACO,MARIA GUALTIERI
LISTA CIVICA GUALTIERI SINDACO,GIULIA MARAS
LISTA CIVICA GUALTIERI SINDACO,GABRIELE MARELLA
LISTA CIVICA GUALTIERI SINDACO,CINZIA MELIS
LISTA CIVICA GUALTIERI SINDACO,FEDRA MORI
LISTA CIVICA GUALTIERI SINDACO,GABRIELE POGGINI
LISTA CIVICA GUALTIERI SINDACO,MAURIZIO TOSON MARIN
SINISTRA CIVICA ECOLOGISTA,MAURO LUZI
SINISTRA CIVICA ECOLOGISTA,FRANCESCA ZANGARI
SINISTRA CIVICA ECOLOGISTA,SIMONE FILOMENA
SINISTRA CIVICA ECOLOGISTA,TERESA DE CHIARA
SINISTRA CIVICA ECOLOGISTA,ILARIA CIMINI
SINISTRA CIVICA ECOLOGISTA,FRANCESCO AMOROSINO
SINISTRA CIVICA ECOLOGISTA,ROBERTO CODINI
SINISTRA CIVICA ECOLOGISTA,ROSARIA D'AMICO
SINISTRA CIVICA ECOLOGISTA,MARINA D'ORTENZIO
SINISTRA CIVICA ECOLOGISTA,MARCO GENOVESI
SINISTRA CIVICA ECOLOGISTA,AMALAN ANGELA INGRAO KOUAME
SINISTRA CIVICA ECOLOGISTA,JACOPO MORRONI
SINISTRA CIVICA ECOLOGISTA,MARCO NARDOVINO
SINISTRA CIVICA ECOLOGISTA,LEOPOLDO NASCIA
SINISTRA CIVICA ECOLOGISTA,LUIGI PORZIA
SINISTRA CIVICA ECOLOGISTA,CRISTIANA SIANO
SINISTRA CIVICA ECOLOGISTA,MORENO TESTAGUZZA
SINISTRA CIVICA ECOLOGISTA,BRUNO TRIVELLATO
SINISTRA CIVICA ECOLOGISTA,MAURA ZACCHI
PD PARTITO DEMOCRATICO,CESARE ALFIDI
PD PARTITO DEMOCRATICO,SIMONETTA ANACLERIO
PD PARTITO DEMOCRATICO,GABRIELE CARRADORI
PD PARTITO DEMOCRATICO,ROBERTO CASAMENTO
PD PARTITO DEMOCRATICO,PAOLA CAVALIERI
PD PARTITO DEMOCRATICO,ANTONIO COMITO
PD PARTITO DEMOCRATICO,MARIA ANTONIETTA DEL MORO
PD PARTITO DEMOCRATICO,SILVIA DE ROSA
PD PARTITO DEMOCRATICO,ITALO DELLA BELLA
PD PARTITO DEMOCRATICO,MARIA TERESA ELLUL
PD PARTITO DEMOCRATICO,NICOLETTA FUNGHI
PD PARTITO DEMOCRATICO,NASTASSJA HABDANK
PD PARTITO DEMOCRATICO,FILIPPO MARIA LAGUZZI
PD PARTITO DEMOCRATICO,ORNELLA LOVELLO
PD PARTITO DEMOCRATICO,MONICA MAGGI
PD PARTITO DEMOCRATICO,LUIGI MAIO
PD PARTITO DEMOCRATICO,FRANCESCO MANCINO
PD PARTITO DEMOCRATICO,MIRKO MANFRE'
PD PARTITO DEMOCRATICO,GABRIELE MICHELI
PD PARTITO DEMOCRATICO,MATTEO PIETROSANTE
PD PARTITO DEMOCRATICO,FEDERICA RAMPINI
PD PARTITO DEMOCRATICO,SIMONA RUSSO
PD PARTITO DEMOCRATICO,SIMONA SORTINO
PD PARTITO DEMOCRATICO,LORENZO SPIZZICHINO
ROMA FUTURA FEMMINISTA EGUALITARIA ECOLOGISTA,STEFANO SAMPAOLO
ROMA FUTURA FEMMINISTA EGUALITARIA ECOLOGISTA,ISABELLA BOARI
ROMA FUTURA FEMMINISTA EGUALITARIA ECOLOGISTA,VALERIO BONANNI
ROMA FUTURA FEMMINISTA EGUALITARIA ECOLOGISTA,CHIARA CALLINI
ROMA FUTURA FEMMINISTA EGUALITARIA ECOLOGISTA,ANTONIO FABRIZI
ROMA FUTURA FEMMINISTA EGUALITARIA ECOLOGISTA,CHIARA CENTAMORI
ROMA FUTURA FEMMINISTA EGUALITARIA ECOLOGISTA,FRANCESCO LATRONICO
ROMA FUTURA FEMMINISTA EGUALITARIA ECOLOGISTA,MARIA LUCIA CERABONA
ROMA FUTURA FEMMINISTA EGUALITARIA ECOLOGISTA,SERGIO ORSINI
ROMA FUTURA FEMMINISTA EGUALITARIA ECOLOGISTA,MARIA ANTONIETTA DE VICO
ROMA FUTURA FEMMINISTA EGUALITARIA ECOLOGISTA,CHRISTIAN RAIMO
ROMA FUTURA FEMMINISTA EGUALITARIA ECOLOGISTA,FRANCESCA FARCHI
ROMA FUTURA FEMMINISTA EGUALITARIA ECOLOGISTA,GIOVANNI RUOCCO
ROMA FUTURA FEMMINISTA EGUALITARIA ECOLOGISTA,GIULIA FERRARA
ROMA FUTURA FEMMINISTA EGUALITARIA ECOLOGISTA,ALESSANDRO TADDEI
ROMA FUTURA FEMMINISTA EGUALITARIA ECOLOGISTA,ROSA FERRETTI
ROMA FUTURA FEMMINISTA EGUALITARIA ECOLOGISTA,MATTEO ZOCCHI
ROMA FUTURA FEMMINISTA EGUALITARIA ECOLOGISTA,SILVIA LAZZARI
ROMA FUTURA FEMMINISTA EGUALITARIA ECOLOGISTA,ENRICA LEO
ROMA FUTURA FEMMINISTA EGUALITARIA ECOLOGISTA,ANNA LODESERTO
ROMA FUTURA FEMMINISTA EGUALITARIA ECOLOGISTA,MARIA CRISTINA PANI
ROMA FUTURA FEMMINISTA EGUALITARIA ECOLOGISTA,ORNELLA PUNZO
ROMA FUTURA FEMMINISTA EGUALITARIA ECOLOGISTA,MARIA CONCETTA ROMANO
ROMA FUTURA FEMMINISTA EGUALITARIA ECOLOGISTA,MARTINA TESTA
POTERE AL POPOLO,BIANCA HAYDEE CLEMENTE
POTERE AL POPOLO,FULVIO PARISI
POTERE AL POPOLO,DAVIDE ANGELILLI
POTERE AL POPOLO,FLAVIO BELLONE
POTERE AL POPOLO,FRANCESCO SCHETTINO
POTERE AL POPOLO,GIAMPIERO MASSIMI
POTERE AL POPOLO,PAOLO BADALI'
POTERE AL POPOLO,PAOLO MARZANO
POTERE AL POPOLO,ALESSANDRO PERRI
POTERE AL POPOLO,FABIO MANFREDI
POTERE AL POPOLO,RITA BEDON
POTERE AL POPOLO,PASQUALE CARNEVALE
POTERE AL POPOLO,STEFANIA CIANFROCCA
POTERE AL POPOLO,CARLA FILOSA
POTERE AL POPOLO,GIOVANNA LANCIA
POTERE AL POPOLO,LAURA MIGLIAVACCA
POTERE AL POPOLO,EMILIO BANCHETTI
POTERE AL POPOLO,AMEL AHMED SAID
POTERE AL POPOLO,VANIA LUCERTINI
PARTITO COMUNISTA MARCO RIZZO,FRANCO MELONI
PARTITO COMUNISTA MARCO RIZZO,DECIO ALEMANNI
PARTITO COMUNISTA MARCO RIZZO,ROMINA BETTI
PARTITO COMUNISTA MARCO RIZZO,MAURO BOTTA
PARTITO COMUNISTA MARCO RIZZO,KATIA CANTELMI
PARTITO COMUNISTA MARCO RIZZO,FIAMMETTA CERULLI
PARTITO COMUNISTA MARCO RIZZO,GIANCARLO D'ANTONI
PARTITO COMUNISTA MARCO RIZZO,PIETRO FIOCCHI
PARTITO COMUNISTA MARCO RIZZO,ANDREA FOGLIO
PARTITO COMUNISTA MARCO RIZZO,KATIUSCIA MALGARINI
PARTITO COMUNISTA MARCO RIZZO,MASSIMO MURU
PARTITO COMUNISTA MARCO RIZZO,ALESSANDRA PANICCI
PARTITO COMUNISTA MARCO RIZZO,MARIA CRISTINA PETRIANNI
PARTITO COMUNISTA MARCO RIZZO,ANDREA PIEVAIOLI
PARTITO COMUNISTA MARCO RIZZO,JACOPO MOSER
PARTITO COMUNISTA MARCO RIZZO,ANTONIO SOGA
PARTITO COMUNISTA MARCO RIZZO,GIUSEPPE TARANTINI
PARTITO COMUNISTA MARCO RIZZO,ALESSIO TONDI
PARTITO COMUNISTA MARCO RIZZO,GABRIELE TORCIGLIANI
PARTITO COMUNISTA MARCO RIZZO,GIUSEPPINA ZINFOLLINO
ROMA TI RIGUARDA BERDINI SINDACO PARTITO DEL SUD,PATRIZIA ANGIARI
ROMA TI RIGUARDA BERDINI SINDACO PARTITO DEL SUD,MARIA PIA BRESSI
ROMA TI RIGUARDA BERDINI SINDACO PARTITO DEL SUD,GIOVANNI CARBONE
ROMA TI RIGUARDA BERDINI SINDACO PARTITO DEL SUD,MAURIZIO CIFERRI
ROMA TI RIGUARDA BERDINI SINDACO PARTITO DEL SUD,MARIO CIFERRI
ROMA TI RIGUARDA BERDINI SINDACO PARTITO DEL SUD,JOHN CIFERRI
ROMA TI RIGUARDA BERDINI SINDACO PARTITO DEL SUD,MARCO CONCOLATO
ROMA TI RIGUARDA BERDINI SINDACO PARTITO DEL SUD,MARCO DEL BUFALO
ROMA TI RIGUARDA BERDINI SINDACO PARTITO DEL SUD,ANDREA DI SCIULLO
ROMA TI RIGUARDA BERDINI SINDACO PARTITO DEL SUD,GIOVANNI GUGLIANTINI
ROMA TI RIGUARDA BERDINI SINDACO PARTITO DEL SUD,MARTA ONORATI
ROMA TI RIGUARDA BERDINI SINDACO PARTITO DEL SUD,RENZO PESCI
ROMA TI RIGUARDA BERDINI SINDACO PARTITO DEL SUD,MIRELLA RETICO
ROMA TI RIGUARDA BERDINI SINDACO PARTITO DEL SUD,MYRIAM TIDDIA
ROMA TI RIGUARDA BERDINI SINDACO PARTITO DEL SUD,ANDREA TORDELLI
ROMA TI RIGUARDA BERDINI SINDACO PARTITO DEL SUD,LUCIANA ALBA VASTANO
ROMA TI RIGUARDA BERDINI SINDACO PARTITO DEL SUD,ROBERTO VILLANI
