LISTA,CANDIDATO
MOVIMENTO STORICO ROMANO LISTA NERONE,LUCA SPERANZA
MOVIMENTO STORICO ROMANO LISTA NERONE,NATALINA BELELLI
MOVIMENTO STORICO ROMANO LISTA NERONE,ALESSANDRO FATICONI
MOVIMENTO STORICO ROMANO LISTA NERONE,MICHELE FORGIONE
MOVIMENTO STORICO ROMANO LISTA NERONE,SERENA IACOMONI
MOVIMENTO STORICO ROMANO LISTA NERONE,MARIA RITA LEONARDI
MOVIMENTO STORICO ROMANO LISTA NERONE,NAZZARIO LETI MAGGIO
MOVIMENTO STORICO ROMANO LISTA NERONE,LUCIANA LUCIANI
MOVIMENTO STORICO ROMANO LISTA NERONE,SERAFINO MAURO
MOVIMENTO STORICO ROMANO LISTA NERONE,RAFFAELE MAZZAFERRI
MOVIMENTO STORICO ROMANO LISTA NERONE,ANDREA POLI
MOVIMENTO STORICO ROMANO LISTA NERONE,MASSIMILIANO SCARINGELLA
MOVIMENTO STORICO ROMANO LISTA NERONE,CLAUDIA SCATTONI
MOVIMENTO STORICO ROMANO LISTA NERONE,CLAUDIA SERAFINI
MOVIMENTO STORICO ROMANO LISTA NERONE,GIUSEPPE TURRISI
MOVIMENTO STORICO ROMANO LISTA NERONE,VIRGILIO VIOLO
MOVIMENTO STORICO ROMANO LISTA NERONE,MELISSA VISDOMINI
POTERE AL POPOLO,SERGIO CARARO
POTERE AL POPOLO,LORENZO MASTROCESARE
POTERE AL POPOLO,GIORDANO FUSA'
POTERE AL POPOLO,STEFANIA ALESSANDRINI
POTERE AL POPOLO,MARTA TURILLI
POTERE AL POPOLO,CHIARA DE MARCHIS
POTERE AL POPOLO,MARGHERITA FILIPPOZZI
POTERE AL POPOLO,ROBERTO CHIARELLI
POTERE AL POPOLO,FABIO GRIMALDI
POTERE AL POPOLO,PASQUALE NAPPO
POTERE AL POPOLO,MATTIA SANTANDREA
POTERE AL POPOLO,MONJA RUGGERI
POTERE AL POPOLO,MARCELLA STOCCHI
POTERE AL POPOLO,ALESSANDRO MOLDITO
POTERE AL POPOLO,STEFANO LATTANZI
POTERE AL POPOLO,ADRIANO LAPEDOTA
POTERE AL POPOLO,FEDERICO BIUSO
POTERE AL POPOLO,ALESSANDRO FRAIOLI
POTERE AL POPOLO,ELENA ORFEI
POTERE AL POPOLO,ALESSIA SCIANNIMANICO
POTERE AL POPOLO,MICHELANGELO GIGLIO
REVOLUZIONE CIVICA,ISIDORO GIOVANNI FEDERICO
REVOLUZIONE CIVICA,MARIA ROSARIA CHIAPPI
REVOLUZIONE CIVICA,LUCA DI PAOLO
REVOLUZIONE CIVICA,PATRIZIA MUSETTI
REVOLUZIONE CIVICA,CLAUDIO MELINI
REVOLUZIONE CIVICA,NIDIA YADIRA DI MARCO MALATESTA
REVOLUZIONE CIVICA,ANTONELLO TAVOLETTA
REVOLUZIONE CIVICA,CRISTINA LEO
REVOLUZIONE CIVICA,VALENTINA COLETTA
REVOLUZIONE CIVICA,EMILIANO ROSATI
REVOLUZIONE CIVICA,GIUSEPPE MARIA CORSI
REVOLUZIONE CIVICA,SELENE GEMELLI
REVOLUZIONE CIVICA,MAURO CALCOPIETRO
REVOLUZIONE CIVICA,MARCO SIMONETTI
REVOLUZIONE CIVICA,BARBARA GORELLO
REVOLUZIONE CIVICA,GIANCARLO BEI
REVOLUZIONE CIVICA,DAMIANO MALCANGI
REVOLUZIONE CIVICA,DANIELE LOPERFIDO
ROMA TI RIGUARDA BERDINI SINDACO PARTITO DEL SUD,STEFANO PROIETTI
ROMA TI RIGUARDA BERDINI SINDACO PARTITO DEL SUD,RAFFAELE LO RUSSO
ROMA TI RIGUARDA BERDINI SINDACO PARTITO DEL SUD,GIULIA SCIORTINO
ROMA TI RIGUARDA BERDINI SINDACO PARTITO DEL SUD,DARIO TRASCIANI
ROMA TI RIGUARDA BERDINI SINDACO PARTITO DEL SUD,Domenico ARTUSA
ROMA TI RIGUARDA BERDINI SINDACO PARTITO DEL SUD,EUGENIO DONNICI
ROMA TI RIGUARDA BERDINI SINDACO PARTITO DEL SUD,PIERO FRONTONI
ROMA TI RIGUARDA BERDINI SINDACO PARTITO DEL SUD,GIANCARLO ILARI
ROMA TI RIGUARDA BERDINI SINDACO PARTITO DEL SUD,STELLA ISACCHINI
ROMA TI RIGUARDA BERDINI SINDACO PARTITO DEL SUD,GIUSEPPA ANTONIA LISI
ROMA TI RIGUARDA BERDINI SINDACO PARTITO DEL SUD,ROBERTA LUTTA
ROMA TI RIGUARDA BERDINI SINDACO PARTITO DEL SUD,FULVIO MAZZA
ROMA TI RIGUARDA BERDINI SINDACO PARTITO DEL SUD,TERESA MECCA
ROMA TI RIGUARDA BERDINI SINDACO PARTITO DEL SUD,AUGUSTO PROIETTI
ROMA TI RIGUARDA BERDINI SINDACO PARTITO DEL SUD,STEFANIA SANTUCCIO
ROMA TI RIGUARDA BERDINI SINDACO PARTITO DEL SUD,GAETANO SCIORTINO
ROMA TI RIGUARDA BERDINI SINDACO PARTITO DEL SUD,CINZIA SPAZIANI
ROMA TI RIGUARDA BERDINI SINDACO PARTITO DEL SUD,MAURO TELARO
MPL MOVIMENTO POLITICO LIBERTAS,ROB ABDUR
MPL MOVIMENTO POLITICO LIBERTAS,FIORELLA BUZZI
MPL MOVIMENTO POLITICO LIBERTAS,LAURA CALDARA
MPL MOVIMENTO POLITICO LIBERTAS,PAOLA CECCOTTI
MPL MOVIMENTO POLITICO LIBERTAS,DEBORAH D'ANGELO
MPL MOVIMENTO POLITICO LIBERTAS,MASSIMO ESPOSITO
MPL MOVIMENTO POLITICO LIBERTAS,GIANFRANCO FRANCO
MPL MOVIMENTO POLITICO LIBERTAS,GIUSEPPE GHERARDI
MPL MOVIMENTO POLITICO LIBERTAS,SAADIA MESKI
MPL MOVIMENTO POLITICO LIBERTAS,DANIELE MOLINA
MPL MOVIMENTO POLITICO LIBERTAS,GIOVANNI MARIA MORANI
MPL MOVIMENTO POLITICO LIBERTAS,ARCANGELA PETRINO
MPL MOVIMENTO POLITICO LIBERTAS,ROSA QUACQUARELLI
MPL MOVIMENTO POLITICO LIBERTAS,CINZIA RINALDI
MPL MOVIMENTO POLITICO LIBERTAS,ANNAMARIA SCHIAVULLI
MPL MOVIMENTO POLITICO LIBERTAS,ERMENGARDA VANZETTA
FORZA ITALIA - BERLUSCONI PER MICHETTI - LIBERTAS - UNIONE,DOMENICO ANELLI
FORZA ITALIA - BERLUSCONI PER MICHETTI - LIBERTAS - UNIONE,MASSIMO ANTICOLI
FORZA ITALIA - BERLUSCONI PER MICHETTI - LIBERTAS - UNIONE,VIRGINIA CUCURACHI
FORZA ITALIA - BERLUSCONI PER MICHETTI - LIBERTAS - UNIONE,RAFFAELE D'AMBROSIO
FORZA ITALIA - BERLUSCONI PER MICHETTI - LIBERTAS - UNIONE,DANIELE DAMIANI
FORZA ITALIA - BERLUSCONI PER MICHETTI - LIBERTAS - UNIONE,CHIARA DE MICHELI
FORZA ITALIA - BERLUSCONI PER MICHETTI - LIBERTAS - UNIONE,STEFANIA D'ERAMO
FORZA ITALIA - BERLUSCONI PER MICHETTI - LIBERTAS - UNIONE,BERARDINO DI CANIO
FORZA ITALIA - BERLUSCONI PER MICHETTI - LIBERTAS - UNIONE,LUCIA FANFARILLO
FORZA ITALIA - BERLUSCONI PER MICHETTI - LIBERTAS - UNIONE,DEBORAH FIORI
FORZA ITALIA - BERLUSCONI PER MICHETTI - LIBERTAS - UNIONE,ANNA MARIA MASSETTI
FORZA ITALIA - BERLUSCONI PER MICHETTI - LIBERTAS - UNIONE,DANIELE MICELLI
FORZA ITALIA - BERLUSCONI PER MICHETTI - LIBERTAS - UNIONE,LUCIA MICELLI
FORZA ITALIA - BERLUSCONI PER MICHETTI - LIBERTAS - UNIONE,TIZIANO MICHELESSI
FORZA ITALIA - BERLUSCONI PER MICHETTI - LIBERTAS - UNIONE,GIOVANNI PAPA
FORZA ITALIA - BERLUSCONI PER MICHETTI - LIBERTAS - UNIONE,SALVATORE RIZZATO
FORZA ITALIA - BERLUSCONI PER MICHETTI - LIBERTAS - UNIONE,ROMILDA SALVATI
FORZA ITALIA - BERLUSCONI PER MICHETTI - LIBERTAS - UNIONE,ANGELO SCATOLINI
FORZA ITALIA - BERLUSCONI PER MICHETTI - LIBERTAS - UNIONE,RINA GUADALUPE SILVA OVIEDO
FORZA ITALIA - BERLUSCONI PER MICHETTI - LIBERTAS - UNIONE,ROBERTO SOPRANZI
FORZA ITALIA - BERLUSCONI PER MICHETTI - LIBERTAS - UNIONE,LORENZO TUCCI
FORZA ITALIA - BERLUSCONI PER MICHETTI - LIBERTAS - UNIONE,FRANCESCO VALENTINI
FORZA ITALIA - BERLUSCONI PER MICHETTI - LIBERTAS - UNIONE,FRANCO ZOCCHI
LEGA SALVINI PREMIER,EMILIANO CORSI
LEGA SALVINI PREMIER,GIUSEPPINA GUADAGNO
LEGA SALVINI PREMIER,ANTONIO ACCOLLA
LEGA SALVINI PREMIER,DONATELLA BAGLI
LEGA SALVINI PREMIER,MASSIMO BORRACCINI
LEGA SALVINI PREMIER,MARTA BOTTICCHIO
LEGA SALVINI PREMIER,ANGELO CALLOCCHIA
LEGA SALVINI PREMIER,GAETANO CURI
LEGA SALVINI PREMIER,LUIGI DE RUBEIS
LEGA SALVINI PREMIER,MANUELA FABI
LEGA SALVINI PREMIER,MONICA FERDINANDI
LEGA SALVINI PREMIER,DOMENICO FILARDO
LEGA SALVINI PREMIER,RAMONA FIORILLI
LEGA SALVINI PREMIER,SERGIO FRUCI
LEGA SALVINI PREMIER,SIMONETTA GIAGNOLI
LEGA SALVINI PREMIER,PIERPAOLO LAURETTI
LEGA SALVINI PREMIER,TANIA LITTA
LEGA SALVINI PREMIER,CATIA MALDERA
LEGA SALVINI PREMIER,MAURO MAROCCHINI
LEGA SALVINI PREMIER,LUCA MUSCATELLO
LEGA SALVINI PREMIER,PAOLO PICCIRILLI
LEGA SALVINI PREMIER,ORIETTA PROIETTI
LEGA SALVINI PREMIER,GIULIA RUSSO
LEGA SALVINI PREMIER,TERESA TODISCO
RINASCIMENTO SGARBI MICHETTI SINDACO CAMBIAMO ROMA,CLAUDIO BITTAU
RINASCIMENTO SGARBI MICHETTI SINDACO CAMBIAMO ROMA,VALENTINA BONANNI
RINASCIMENTO SGARBI MICHETTI SINDACO CAMBIAMO ROMA,LUCIA BUCCIARELLI
RINASCIMENTO SGARBI MICHETTI SINDACO CAMBIAMO ROMA,ALESSANDRO CESARETTI
RINASCIMENTO SGARBI MICHETTI SINDACO CAMBIAMO ROMA,AMEDEO CURATOLO
RINASCIMENTO SGARBI MICHETTI SINDACO CAMBIAMO ROMA,FABIANO DE VELLIS
RINASCIMENTO SGARBI MICHETTI SINDACO CAMBIAMO ROMA,ORAZIO DELL'AVERSANO
RINASCIMENTO SGARBI MICHETTI SINDACO CAMBIAMO ROMA,ADEL ANTONIO FAHIM
RINASCIMENTO SGARBI MICHETTI SINDACO CAMBIAMO ROMA,ANDRZEJ KRZYSZTOF KRZTON
RINASCIMENTO SGARBI MICHETTI SINDACO CAMBIAMO ROMA,FABIOLA LOMBARDI
RINASCIMENTO SGARBI MICHETTI SINDACO CAMBIAMO ROMA,MARIA ANGELA MATAROZZO
RINASCIMENTO SGARBI MICHETTI SINDACO CAMBIAMO ROMA,VALTER MUSU
RINASCIMENTO SGARBI MICHETTI SINDACO CAMBIAMO ROMA,VERONICA PAVIA
RINASCIMENTO SGARBI MICHETTI SINDACO CAMBIAMO ROMA,MAURIZIO POMPONI
RINASCIMENTO SGARBI MICHETTI SINDACO CAMBIAMO ROMA,TIZIANA ROSATI
RINASCIMENTO SGARBI MICHETTI SINDACO CAMBIAMO ROMA,CARLA SALVATORE
RINASCIMENTO SGARBI MICHETTI SINDACO CAMBIAMO ROMA,PAOLO SANTONI
RINASCIMENTO SGARBI MICHETTI SINDACO CAMBIAMO ROMA,GIUSEPPE TOMASI
RINASCIMENTO SGARBI MICHETTI SINDACO CAMBIAMO ROMA,SUSANNA VENANZONI
GIORGIA MELONI FRATELLI D'ITALIA,CHRISTIAN BELLUZZO
GIORGIA MELONI FRATELLI D'ITALIA,FLORINDA ARCANGELI
GIORGIA MELONI FRATELLI D'ITALIA,LUCA ARIOLI
GIORGIA MELONI FRATELLI D'ITALIA,ENZO BLASI
GIORGIA MELONI FRATELLI D'ITALIA,SILVANA BRANNETTI
GIORGIA MELONI FRATELLI D'ITALIA,OMBRETTA BRUGIOTTI
GIORGIA MELONI FRATELLI D'ITALIA,LORENZO CAMMILLUZZI
GIORGIA MELONI FRATELLI D'ITALIA,GIULIA CRIALESE
GIORGIA MELONI FRATELLI D'ITALIA,DANILA DAMIA
GIORGIA MELONI FRATELLI D'ITALIA,DAVIDE DI CLEMENTE
GIORGIA MELONI FRATELLI D'ITALIA,FRANCESCO GIUSEPPE DI MATTEO
GIORGIA MELONI FRATELLI D'ITALIA,ANDREA FICO
GIORGIA MELONI FRATELLI D'ITALIA,ROBERTO FRASCA
GIORGIA MELONI FRATELLI D'ITALIA,VITTORIA MENNITI
GIORGIA MELONI FRATELLI D'ITALIA,MARILENA NOCE
GIORGIA MELONI FRATELLI D'ITALIA,WALTER PACIFICI
GIORGIA MELONI FRATELLI D'ITALIA,FABIO PIATTONI
GIORGIA MELONI FRATELLI D'ITALIA,MONICA PIETROPAOLO
GIORGIA MELONI FRATELLI D'ITALIA,AGOSTINO PLATANIA
GIORGIA MELONI FRATELLI D'ITALIA,PIERPAOLO PROIETTI PANATTA
GIORGIA MELONI FRATELLI D'ITALIA,MONICA SELVA
GIORGIA MELONI FRATELLI D'ITALIA,SIMONE SILVI
GIORGIA MELONI FRATELLI D'ITALIA,ROBERTO TONTI
GIORGIA MELONI FRATELLI D'ITALIA,LORENA VINZI
LISTA CIVICA MICHETTI SINDACO,ROBERTO BOMBACIGNO
LISTA CIVICA MICHETTI SINDACO,ANGELO DEMA
LISTA CIVICA MICHETTI SINDACO,FABRIZIO DI MARTINO
LISTA CIVICA MICHETTI SINDACO,GABRIELE GALLUCCI
LISTA CIVICA MICHETTI SINDACO,ALESSIO GROSSI
LISTA CIVICA MICHETTI SINDACO,BARBARA MARCOLIN
LISTA CIVICA MICHETTI SINDACO,PAOLO MESITI
LISTA CIVICA MICHETTI SINDACO,PATRIC MURATORI
LISTA CIVICA MICHETTI SINDACO,ANGELA PALMIERI
LISTA CIVICA MICHETTI SINDACO,ORLANDO MICHELE ENRICO PANICCIA
LISTA CIVICA MICHETTI SINDACO,TIZIANA PINCI
LISTA CIVICA MICHETTI SINDACO,RAFFAELE RENNELLA
LISTA CIVICA MICHETTI SINDACO,GIANPAOLO ROCCAMENA
LISTA CIVICA MICHETTI SINDACO,FEDERICA ROSSI
LISTA CIVICA MICHETTI SINDACO,PATRIZIA SORRENTINO
LISTA CIVICA MICHETTI SINDACO,ROSALIA VULLO
LISTA CIVICA MICHETTI SINDACO,SANDRA ZAMMATARO
LISTA CIVICA MICHETTI SINDACO,ALESSIO ZUCHI
CALENDA SINDACO,MARIA CARIDI
CALENDA SINDACO,ETTORE LUTTAZI
CALENDA SINDACO,KARIM ABO ABBAS
CALENDA SINDACO,SIMONE ANTONELLI
CALENDA SINDACO,FRANCESCO ROSARIO BARRECA
CALENDA SINDACO,ALESSANDRO BICA
CALENDA SINDACO,ALESSANDRO CAMPIOTTI
CALENDA SINDACO,GIULIA CANDELORI
CALENDA SINDACO,RENATO GARGIULO
CALENDA SINDACO,LAVINIA GIAMPICCOLO
CALENDA SINDACO,MARCO LEONETTI
CALENDA SINDACO,SERAFINA MARESCA
CALENDA SINDACO,MARIA MARINO
CALENDA SINDACO,GIUSEPPE KARL MASTRANTONIO
CALENDA SINDACO,ROBERTA MOSETTI
CALENDA SINDACO,MARICA NOBILI
CALENDA SINDACO,MATTIA NOVEMBRINI
CALENDA SINDACO,IRENE PACIFICO
CALENDA SINDACO,ALESSANDRO PAPI
CALENDA SINDACO,CARLO PICIOCCHI
CALENDA SINDACO,MADDALENA PRESENZA
CALENDA SINDACO,WILLIAM RITACCO
CALENDA SINDACO,FILOMENA SANTORO
CALENDA SINDACO,FABIO SICILIANO
EUROPA VERDE ECOLOGISTA - EUROPEAN GREEN PARTY - VERDI,GIORDANO DI VETTA
EUROPA VERDE ECOLOGISTA - EUROPEAN GREEN PARTY - VERDI,FLAVIANA CELIO
EUROPA VERDE ECOLOGISTA - EUROPEAN GREEN PARTY - VERDI,STEFANO ANTONELLI
EUROPA VERDE ECOLOGISTA - EUROPEAN GREEN PARTY - VERDI,FLAVIA SCIFONI
EUROPA VERDE ECOLOGISTA - EUROPEAN GREEN PARTY - VERDI,STEFANO CIRULLI
EUROPA VERDE ECOLOGISTA - EUROPEAN GREEN PARTY - VERDI,GINA NARMUCCI
EUROPA VERDE ECOLOGISTA - EUROPEAN GREEN PARTY - VERDI,GIULIO MATTONE
EUROPA VERDE ECOLOGISTA - EUROPEAN GREEN PARTY - VERDI,ELEONORA PIOL
EUROPA VERDE ECOLOGISTA - EUROPEAN GREEN PARTY - VERDI,EMANUELE MORGILLO
EUROPA VERDE ECOLOGISTA - EUROPEAN GREEN PARTY - VERDI,SIMONA SARACENO
EUROPA VERDE ECOLOGISTA - EUROPEAN GREEN PARTY - VERDI,DARIO CURTI
EUROPA VERDE ECOLOGISTA - EUROPEAN GREEN PARTY - VERDI,VALENTINA CIPRIANI
EUROPA VERDE ECOLOGISTA - EUROPEAN GREEN PARTY - VERDI,EMANUELE DE GASPERIS
EUROPA VERDE ECOLOGISTA - EUROPEAN GREEN PARTY - VERDI,LOREDANA VALENTINI
EUROPA VERDE ECOLOGISTA - EUROPEAN GREEN PARTY - VERDI,ANGELO COPPOTELLI
EUROPA VERDE ECOLOGISTA - EUROPEAN GREEN PARTY - VERDI,GIOVANNI DOTTORINI
EUROPA VERDE ECOLOGISTA - EUROPEAN GREEN PARTY - VERDI,SIMONE MARIANI
EUROPA VERDE ECOLOGISTA - EUROPEAN GREEN PARTY - VERDI,FABRIZIO FIALE
EUROPA VERDE ECOLOGISTA - EUROPEAN GREEN PARTY - VERDI,MARCO DI LUIGI
LISTA CIVICA GUALTIERI SINDACO,MAURO FERRARI
LISTA CIVICA GUALTIERI SINDACO,BARBARA BARONI
LISTA CIVICA GUALTIERI SINDACO,MARCO BELLI
LISTA CIVICA GUALTIERI SINDACO,LUCIANO CERAUDO
LISTA CIVICA GUALTIERI SINDACO,SUSY CESETTI
LISTA CIVICA GUALTIERI SINDACO,MARICA D'ABBRUZZO
LISTA CIVICA GUALTIERI SINDACO,ANDREA DE BLASIS
LISTA CIVICA GUALTIERI SINDACO,CAMILLA DE CINTI
LISTA CIVICA GUALTIERI SINDACO,SARA EL DEBUCH
LISTA CIVICA GUALTIERI SINDACO,STEFANO FEDERICO
LISTA CIVICA GUALTIERI SINDACO,MIRKO GALANTI
LISTA CIVICA GUALTIERI SINDACO,MARCO IANZINI
LISTA CIVICA GUALTIERI SINDACO,DOMENICO MILONI
LISTA CIVICA GUALTIERI SINDACO,EMILIANO ORLANDI
LISTA CIVICA GUALTIERI SINDACO,CLAUDIO RICOZZI
LISTA CIVICA GUALTIERI SINDACO,FRANCESCA RUSSO
LISTA CIVICA GUALTIERI SINDACO,ROBERTO SABATINI
DEMOS DEMOCRAZIA SOLIDALE,FRANCESCO TIERI
DEMOS DEMOCRAZIA SOLIDALE,DOMENICO ANTONIO AGOSTINO
DEMOS DEMOCRAZIA SOLIDALE,NICOLO' AMATO
DEMOS DEMOCRAZIA SOLIDALE,SERGIO BARBAGALLO
DEMOS DEMOCRAZIA SOLIDALE,ADRIANO BONFORTI
DEMOS DEMOCRAZIA SOLIDALE,IRENEO ANTONIO DA CONCEICAO SPENCER TEQUE
DEMOS DEMOCRAZIA SOLIDALE,ANDREA D'ATTIS
DEMOS DEMOCRAZIA SOLIDALE,SILVIA DE RUGGIERO
DEMOS DEMOCRAZIA SOLIDALE,DOMENICO FERRELI
DEMOS DEMOCRAZIA SOLIDALE,STEFANO FONTANA
DEMOS DEMOCRAZIA SOLIDALE,GIOIA ELISA GRULLINI
DEMOS DEMOCRAZIA SOLIDALE,MANAR HASSNEIN
DEMOS DEMOCRAZIA SOLIDALE,ANDREA LEMMA
DEMOS DEMOCRAZIA SOLIDALE,RAFFAELA MILO
DEMOS DEMOCRAZIA SOLIDALE,ALESSANDRO NARDIS
DEMOS DEMOCRAZIA SOLIDALE,EDUARDO RICCIARDELLI
DEMOS DEMOCRAZIA SOLIDALE,GIULIA RUFFINI
DEMOS DEMOCRAZIA SOLIDALE,GIANCARLO RUSSO
DEMOS DEMOCRAZIA SOLIDALE,LAILA SHAH
DEMOS DEMOCRAZIA SOLIDALE,MARIALUISA SILVESTRINI
DEMOS DEMOCRAZIA SOLIDALE,ROSANNA TESTORE
DEMOS DEMOCRAZIA SOLIDALE,FRANCESCA ZIZZA
IMPEGNO CIVICO CALISTE PRESIDENTE,FRANCESCA ALESSANDRI
IMPEGNO CIVICO CALISTE PRESIDENTE,ELENA ANTINOZZI
IMPEGNO CIVICO CALISTE PRESIDENTE,FRANCESCO CROCE'
IMPEGNO CIVICO CALISTE PRESIDENTE,CHIARA CRUPI
IMPEGNO CIVICO CALISTE PRESIDENTE,CARLO DIELLA
IMPEGNO CIVICO CALISTE PRESIDENTE,ILEANA DI PIETRO
IMPEGNO CIVICO CALISTE PRESIDENTE,ERICA FEDERICI
IMPEGNO CIVICO CALISTE PRESIDENTE,TERESA FERRARO
IMPEGNO CIVICO CALISTE PRESIDENTE,PASQUALE FERRETTI
IMPEGNO CIVICO CALISTE PRESIDENTE,ANTONELLA FIORETTI
IMPEGNO CIVICO CALISTE PRESIDENTE,NUNZIA FIRRINCIELI
IMPEGNO CIVICO CALISTE PRESIDENTE,FLAVIO GENZANO
IMPEGNO CIVICO CALISTE PRESIDENTE,GIUSEPPINA GIACINTI
IMPEGNO CIVICO CALISTE PRESIDENTE,PASQUALE GIUPPONE
IMPEGNO CIVICO CALISTE PRESIDENTE,VITO GUIDOBALDI
IMPEGNO CIVICO CALISTE PRESIDENTE,MARCO MALLIA
IMPEGNO CIVICO CALISTE PRESIDENTE,GIANFRANCO PACCIANI
IMPEGNO CIVICO CALISTE PRESIDENTE,FABIO PALLADINO
IMPEGNO CIVICO CALISTE PRESIDENTE,ALESSIA PAVONE
IMPEGNO CIVICO CALISTE PRESIDENTE,PAOLA PIPERNI
IMPEGNO CIVICO CALISTE PRESIDENTE,FRANCESCO SIRLETO
IMPEGNO CIVICO CALISTE PRESIDENTE,ANGELO SPERANZA
IMPEGNO CIVICO CALISTE PRESIDENTE,BIAGIO VALENTE
IMPEGNO CIVICO CALISTE PRESIDENTE,FABRIZIO VULPIANI
SINISTRA CIVICA ECOLOGISTA,MAURIZIO MATTANA
SINISTRA CIVICA ECOLOGISTA,CELESTE BURATTI
SINISTRA CIVICA ECOLOGISTA,ADRIANO BONO
SINISTRA CIVICA ECOLOGISTA,MICHELE CAPUANO
SINISTRA CIVICA ECOLOGISTA,ALESSANDRO MORICONI
SINISTRA CIVICA ECOLOGISTA,MONICA DE BIASIO
SINISTRA CIVICA ECOLOGISTA,EMILIANO ELVETICI
SINISTRA CIVICA ECOLOGISTA,FAUSTA GALLO
SINISTRA CIVICA ECOLOGISTA,BARBARA GALLUZZO
SINISTRA CIVICA ECOLOGISTA,GIORGIA GNOCCHI
SINISTRA CIVICA ECOLOGISTA,DAVIDE IANNACCONE
SINISTRA CIVICA ECOLOGISTA,ALESSANDRO LATINO
SINISTRA CIVICA ECOLOGISTA,VINCENZO LIBONATI
SINISTRA CIVICA ECOLOGISTA,DARIO MANNI
SINISTRA CIVICA ECOLOGISTA,ARIANNA MONNI
SINISTRA CIVICA ECOLOGISTA,ANGELO PERRI
SINISTRA CIVICA ECOLOGISTA,GABRIELE POLESEL
SINISTRA CIVICA ECOLOGISTA,SILVIA RICCIARDI
SINISTRA CIVICA ECOLOGISTA,PAOLA RUFO
ROMA FUTURA FEMMINISTA EGUALITARIA ECOLOGISTA,EVA VITTORIA CAMMERINO
ROMA FUTURA FEMMINISTA EGUALITARIA ECOLOGISTA,SANDRO ALQUATI
ROMA FUTURA FEMMINISTA EGUALITARIA ECOLOGISTA,ROBERTA BRUNO
ROMA FUTURA FEMMINISTA EGUALITARIA ECOLOGISTA,STANISLAV ALYEKSANDROV
ROMA FUTURA FEMMINISTA EGUALITARIA ECOLOGISTA,ILARIA CARONI
ROMA FUTURA FEMMINISTA EGUALITARIA ECOLOGISTA,EDOARDO ANNUCCI
ROMA FUTURA FEMMINISTA EGUALITARIA ECOLOGISTA,CATIA D'OTTAVI
ROMA FUTURA FEMMINISTA EGUALITARIA ECOLOGISTA,LEONE ANTENONE
ROMA FUTURA FEMMINISTA EGUALITARIA ECOLOGISTA,MARGHERITA DI GIAMMARCO
ROMA FUTURA FEMMINISTA EGUALITARIA ECOLOGISTA,MATTEO CASILLI
ROMA FUTURA FEMMINISTA EGUALITARIA ECOLOGISTA,MARIA ADDOLORATA FIERMONTE
ROMA FUTURA FEMMINISTA EGUALITARIA ECOLOGISTA,CARLO MARIA FABRIZI
ROMA FUTURA FEMMINISTA EGUALITARIA ECOLOGISTA,HELEN FIORETTI
ROMA FUTURA FEMMINISTA EGUALITARIA ECOLOGISTA,SIMONE IENUSO
ROMA FUTURA FEMMINISTA EGUALITARIA ECOLOGISTA,ALICE FIORI
ROMA FUTURA FEMMINISTA EGUALITARIA ECOLOGISTA,LUCA LA BARBERA
ROMA FUTURA FEMMINISTA EGUALITARIA ECOLOGISTA,SABRINA GALLONI
ROMA FUTURA FEMMINISTA EGUALITARIA ECOLOGISTA,FLORESTANO PASTORE
ROMA FUTURA FEMMINISTA EGUALITARIA ECOLOGISTA,DENISE GONZALEZ ARIAS
ROMA FUTURA FEMMINISTA EGUALITARIA ECOLOGISTA,FILIPPO RINIOLO
ROMA FUTURA FEMMINISTA EGUALITARIA ECOLOGISTA,DANIELA MANCINI
ROMA FUTURA FEMMINISTA EGUALITARIA ECOLOGISTA,FABIO SALANDRI
ROMA FUTURA FEMMINISTA EGUALITARIA ECOLOGISTA,NICOLO' SANTONE
ROMA FUTURA FEMMINISTA EGUALITARIA ECOLOGISTA,ALEXANDER EDWARD WINTER
PD PARTITO DEMOCRATICO,MAURA LOSTIA
PD PARTITO DEMOCRATICO,FABRIZIO BALDACELLI
PD PARTITO DEMOCRATICO,SIMONA CIAFFI
PD PARTITO DEMOCRATICO,GIAMPIERO BUTTITTA
PD PARTITO DEMOCRATICO,TIZIANA CIAVARDINI
PD PARTITO DEMOCRATICO,DAVID DI COSMO
PD PARTITO DEMOCRATICO,SABRINA CICCONETTI
PD PARTITO DEMOCRATICO,GABRIELE ARCANGELO GRANDONI
PD PARTITO DEMOCRATICO,OLGA DI CAGNO
PD PARTITO DEMOCRATICO,FRANCESCO LAMANNA
PD PARTITO DEMOCRATICO,ALESSANDRA DI FRANCIA
PD PARTITO DEMOCRATICO,ANTONIO LIANI
PD PARTITO DEMOCRATICO,CECILIA FANNUNZA
PD PARTITO DEMOCRATICO,ANTONIO MEDEA
PD PARTITO DEMOCRATICO,ANGELA MONTEROSSO
PD PARTITO DEMOCRATICO,FRANCO PACELLA
PD PARTITO DEMOCRATICO,TATIANA PROCACCI
PD PARTITO DEMOCRATICO,MARCO PIETROSANTI
PD PARTITO DEMOCRATICO,CLAUDIO POVERINI
PD PARTITO DEMOCRATICO,SAMANTHA SACCA'
PD PARTITO DEMOCRATICO,MARCO TOTI
PD PARTITO DEMOCRATICO,EUSEBIO VALENTI
PD PARTITO DEMOCRATICO,GIOVANNI MARIA VARGIU
IL POPOLO DELLA FAMIGLIA NO GENDER NELLE SCUOLE,TONINO DI STASIO
IL POPOLO DELLA FAMIGLIA NO GENDER NELLE SCUOLE,LAURA TERRANA
IL POPOLO DELLA FAMIGLIA NO GENDER NELLE SCUOLE,DAVIDE ERCOLANI
IL POPOLO DELLA FAMIGLIA NO GENDER NELLE SCUOLE,ALESSANDRA MONDELLI
IL POPOLO DELLA FAMIGLIA NO GENDER NELLE SCUOLE,GIUSEPPE D'ARIA
IL POPOLO DELLA FAMIGLIA NO GENDER NELLE SCUOLE,EMILIA MARANO
IL POPOLO DELLA FAMIGLIA NO GENDER NELLE SCUOLE,VINCENZO DESIDERI
IL POPOLO DELLA FAMIGLIA NO GENDER NELLE SCUOLE,ALESSANDRA TRIGILA
IL POPOLO DELLA FAMIGLIA NO GENDER NELLE SCUOLE,ALFREDO FAVA
IL POPOLO DELLA FAMIGLIA NO GENDER NELLE SCUOLE,MARIA RITA MARINETTI
IL POPOLO DELLA FAMIGLIA NO GENDER NELLE SCUOLE,GUGLIELMO PUGLIA
IL POPOLO DELLA FAMIGLIA NO GENDER NELLE SCUOLE,MARIA CRISTINA RICCARDI
IL POPOLO DELLA FAMIGLIA NO GENDER NELLE SCUOLE,ALESSANDRO SERGIO
IL POPOLO DELLA FAMIGLIA NO GENDER NELLE SCUOLE,SIMONE SVELTO
IL POPOLO DELLA FAMIGLIA NO GENDER NELLE SCUOLE,DANIELA TODARO
IL POPOLO DELLA FAMIGLIA NO GENDER NELLE SCUOLE,MANILA RIDOLFI
IL POPOLO DELLA FAMIGLIA NO GENDER NELLE SCUOLE,FEDERICA SCELFO
MOVIMENTO CINQUE STELLE 2050,DANILO BELLARDINI
MOVIMENTO CINQUE STELLE 2050,GIUSEPPE POTESTA'
MOVIMENTO CINQUE STELLE 2050,MADHAVA AIELLO
MOVIMENTO CINQUE STELLE 2050,ALESSANDRA COPPOLA
MOVIMENTO CINQUE STELLE 2050,GIANCARLO MUSCIACCHIO
MOVIMENTO CINQUE STELLE 2050,MAURIZIO PELLEGRINI
MOVIMENTO CINQUE STELLE 2050,FABIO ALBERTO CHIARAVALLOTI
MOVIMENTO CINQUE STELLE 2050,ALESSANDRA BUSILLO
MOVIMENTO CINQUE STELLE 2050,AGOSTINO APICELLA
MOVIMENTO CINQUE STELLE 2050,PAOLO MANZON
MOVIMENTO CINQUE STELLE 2050,MICHELE D'ONOFRIO
MOVIMENTO CINQUE STELLE 2050,NICOLETTA MARINI
MOVIMENTO CINQUE STELLE 2050,MARIO MEUTI
MOVIMENTO CINQUE STELLE 2050,COSIMO PULITI
MOVIMENTO CINQUE STELLE 2050,LORENZO COLANGELI
MOVIMENTO CINQUE STELLE 2050,RICCARDINA SGARAMELLA
MOVIMENTO CINQUE STELLE 2050,FRANCESCO FLAVIO CASTRACANE
MOVIMENTO CINQUE STELLE 2050,FLORA ZANETTI
MOVIMENTO CINQUE STELLE 2050,MARIANELA VERONICA DIAZ
MOVIMENTO CINQUE STELLE 2050,PATRIZIA BENASSATI
MOVIMENTO CINQUE STELLE 2050,DIEGO DI IULIO
MOVIMENTO CINQUE STELLE 2050,RICCARDO DELLA CIANA
MOVIMENTO CINQUE STELLE 2050,SILVIA PERIN
MOVIMENTO CINQUE STELLE 2050,MARIA GRAZIA DRAGO
LISTA CIVICA VIRGINIA RAGGI,MARCO CICCONE
LISTA CIVICA VIRGINIA RAGGI,MONIA MARIA MEDAGLIA
LISTA CIVICA VIRGINIA RAGGI,ALESSANDRO STIRPE
LISTA CIVICA VIRGINIA RAGGI,LORENZO MARIA CIOLFI
LISTA CIVICA VIRGINIA RAGGI,SABRINA ROSSI
LISTA CIVICA VIRGINIA RAGGI,FABIO di FAZIO
LISTA CIVICA VIRGINIA RAGGI,BARBARA DI PIETRO
LISTA CIVICA VIRGINIA RAGGI,MARCELLO MAGNELLI
LISTA CIVICA VIRGINIA RAGGI,VALENTINA FORCINA
LISTA CIVICA VIRGINIA RAGGI,SIMONA TURCHETTA
LISTA CIVICA VIRGINIA RAGGI,JOHN FRANCO BULATAO ORBIZO
LISTA CIVICA VIRGINIA RAGGI,ANTONELLA SERRA
LISTA CIVICA VIRGINIA RAGGI,MARCO SERRA
LISTA CIVICA VIRGINIA RAGGI,PORITOM SAHA
LISTA CIVICA VIRGINIA RAGGI,GIADA PELLEGRINI
LISTA CIVICA VIRGINIA RAGGI,MARGHERITA ZUCCARI
LISTA CIVICA VIRGINIA RAGGI,ALESSANDRO NALIO
LISTA CIVICA VIRGINIA RAGGI,ALESSANDRO SERRECCHIA
LISTA CIVICA VIRGINIA RAGGI,STEFANIA MONTESI
LISTA CIVICA VIRGINIA RAGGI,DEBORAH DI FRANCESCANGELO
LISTA CIVICA VIRGINIA RAGGI,DANILO DELLA CANFORA
LISTA CIVICA VIRGINIA RAGGI,VALERIA NICOLE TOCCI
RICONQUISTARE L'ITALIA,RICCARDO BENISIO
RICONQUISTARE L'ITALIA,LUCIA CIRILLO
RICONQUISTARE L'ITALIA,LEONARDO CORAZZI
RICONQUISTARE L'ITALIA,MARCO GUIDI
RICONQUISTARE L'ITALIA,ANNALISA MARCOZZI
RICONQUISTARE L'ITALIA,STEFANO GROSSI
RICONQUISTARE L'ITALIA,GIULIO CONSOLI
RICONQUISTARE L'ITALIA,LAURA CAMPAGNA
RICONQUISTARE L'ITALIA,VALERIO RICCARDI
RICONQUISTARE L'ITALIA,STEFANIA DE LEONIBUS
RICONQUISTARE L'ITALIA,RAMONA BRAVI
RICONQUISTARE L'ITALIA,MARZIA COLITTI
RICONQUISTARE L'ITALIA,STEFANIA PORTICI
RICONQUISTARE L'ITALIA,MANUEL BARBA
RICONQUISTARE L'ITALIA,GIOVANNA CORICCIATI
RICONQUISTARE L'ITALIA,GUIDO CARLOMAGNO
RICONQUISTARE L'ITALIA,ALESSIO MORETTI
PARTITO COMUNISTA MARCO RIZZO,IVAN COLLINI
PARTITO COMUNISTA MARCO RIZZO,MASSIMO AMBROSINI
PARTITO COMUNISTA MARCO RIZZO,STEFANO ANDREOLETTI
PARTITO COMUNISTA MARCO RIZZO,ALESSIO BACCHI
PARTITO COMUNISTA MARCO RIZZO,VALERIO CARIANI
PARTITO COMUNISTA MARCO RIZZO,ONOFRIO CASTRIOTTA
PARTITO COMUNISTA MARCO RIZZO,MATTEO DI COCCO
PARTITO COMUNISTA MARCO RIZZO,VITTORIO DIVONA
PARTITO COMUNISTA MARCO RIZZO,MASSIMO FE'
PARTITO COMUNISTA MARCO RIZZO,MAURIZIO FIORAVANTI
PARTITO COMUNISTA MARCO RIZZO,MARCELO DANIEL GALATI
PARTITO COMUNISTA MARCO RIZZO,SILVANA MARCONATO
PARTITO COMUNISTA MARCO RIZZO,FRANCO MELONI
PARTITO COMUNISTA MARCO RIZZO,LUANA NATALE
PARTITO COMUNISTA MARCO RIZZO,MARIA NICOLETTA ALARI
PARTITO COMUNISTA MARCO RIZZO,ANTONELLA PAU
PARTITO COMUNISTA MARCO RIZZO,VANESSA PAU
PARTITO COMUNISTA MARCO RIZZO,MARILENA SGROIA
PARTITO COMUNISTA MARCO RIZZO,PAOLA TENTI
PARTITO COMUNISTA MARCO RIZZO,LORETO VALLUCCI
