LISTA,CANDIDATO
GIORGIA MELONI FRATELLI D'ITALIA,ANDREA DE PRIAMO
GIORGIA MELONI FRATELLI D'ITALIA,FRANCESCO FIGLIOMENI
GIORGIA MELONI FRATELLI D'ITALIA,LAVINIA MENNUNI
GIORGIA MELONI FRATELLI D'ITALIA,RACHELE MUSSOLINI
GIORGIA MELONI FRATELLI D'ITALIA,DARIO ANTONIOZZI
GIORGIA MELONI FRATELLI D'ITALIA,NICOLA AZZARITO
GIORGIA MELONI FRATELLI D'ITALIA,FRANCESCA BARBATO
GIORGIA MELONI FRATELLI D'ITALIA,GESSICA BERTOLLINI
GIORGIA MELONI FRATELLI D'ITALIA,ROSARIO CALABRESE
GIORGIA MELONI FRATELLI D'ITALIA,MARINA CANNAVO'
GIORGIA MELONI FRATELLI D'ITALIA,DARIA CASCARANO
GIORGIA MELONI FRATELLI D'ITALIA,GILBERTO CASCIANI
GIORGIA MELONI FRATELLI D'ITALIA,GIAMPAOLO CASTELLANI
GIORGIA MELONI FRATELLI D'ITALIA,LIDIA MARIA GRAZIA CATENA
GIORGIA MELONI FRATELLI D'ITALIA,DOMENICO CERAVOLO
GIORGIA MELONI FRATELLI D'ITALIA,ROBERTO CIPOLLETTI
GIORGIA MELONI FRATELLI D'ITALIA,MARIALISA COMES
GIORGIA MELONI FRATELLI D'ITALIA,ALESSANDRA CONSORTI
GIORGIA MELONI FRATELLI D'ITALIA,FRANCESCO CUOMO
GIORGIA MELONI FRATELLI D'ITALIA,GIULIO DALLE MOLLE
GIORGIA MELONI FRATELLI D'ITALIA,NAICHE DI SALVO
GIORGIA MELONI FRATELLI D'ITALIA,STEFANO ERBAGGI
GIORGIA MELONI FRATELLI D'ITALIA,MAURIZIO ESPOSITO
GIORGIA MELONI FRATELLI D'ITALIA,MARCO FANTAUZZI
GIORGIA MELONI FRATELLI D'ITALIA,FRANCO FORLENZA
GIORGIA MELONI FRATELLI D'ITALIA,DANIELE FUNICELLI
GIORGIA MELONI FRATELLI D'ITALIA,DANIELE GATTANELLA
GIORGIA MELONI FRATELLI D'ITALIA,FULVIO GIULIANO
GIORGIA MELONI FRATELLI D'ITALIA,VALERIO BENITO LIMIDO
GIORGIA MELONI FRATELLI D'ITALIA,UGO MAINOLFI
GIORGIA MELONI FRATELLI D'ITALIA,SIMONA MARCELLINI
GIORGIA MELONI FRATELLI D'ITALIA,MARIACRISTINA MASI
GIORGIA MELONI FRATELLI D'ITALIA,GLORIA MORSELLO
GIORGIA MELONI FRATELLI D'ITALIA,GIOVANNI OTTAVIANO
GIORGIA MELONI FRATELLI D'ITALIA,CINZIA PALLOTTA
GIORGIA MELONI FRATELLI D'ITALIA,JULI PISCEDDA
GIORGIA MELONI FRATELLI D'ITALIA,ERCOLE PUGLIESE
GIORGIA MELONI FRATELLI D'ITALIA,GIOVANNI QUARZO
GIORGIA MELONI FRATELLI D'ITALIA,FEDERICO ROCCA
GIORGIA MELONI FRATELLI D'ITALIA,RAFFAELLA ROSATI
GIORGIA MELONI FRATELLI D'ITALIA,MAURIZIO ROSSI
GIORGIA MELONI FRATELLI D'ITALIA,GIUSEPPE SCICCHITANO
GIORGIA MELONI FRATELLI D'ITALIA,FRANCESCO TAFURO
GIORGIA MELONI FRATELLI D'ITALIA,TETYANA TARASENKO
GIORGIA MELONI FRATELLI D'ITALIA,ETTORE THERMES
GIORGIA MELONI FRATELLI D'ITALIA,MASSIMO TOTA
GIORGIA MELONI FRATELLI D'ITALIA,MARCO VISCONTI
GIORGIA MELONI FRATELLI D'ITALIA,ROMINA VITALE
SPORTIVI PER ROMA VIRGINIA RAGGI SINDACA,MIRCO FRATTA
SPORTIVI PER ROMA VIRGINIA RAGGI SINDACA,SARA CARFOLI
SPORTIVI PER ROMA VIRGINIA RAGGI SINDACA,IVAN SACCHI
SPORTIVI PER ROMA VIRGINIA RAGGI SINDACA,VINCENZO GRENGA
SPORTIVI PER ROMA VIRGINIA RAGGI SINDACA,DANIELE OTTAVI
SPORTIVI PER ROMA VIRGINIA RAGGI SINDACA,ANNALISA VALENTINI
SPORTIVI PER ROMA VIRGINIA RAGGI SINDACA,ANDREA ROMAGNOLI
SPORTIVI PER ROMA VIRGINIA RAGGI SINDACA,SIMONE TOSATO
SPORTIVI PER ROMA VIRGINIA RAGGI SINDACA,DOMENICO BALDASSARI
SPORTIVI PER ROMA VIRGINIA RAGGI SINDACA,SILVIA CAVALLERI
SPORTIVI PER ROMA VIRGINIA RAGGI SINDACA,LUANA MANNI
SPORTIVI PER ROMA VIRGINIA RAGGI SINDACA,ALESSANDRO PATITUCCI
SPORTIVI PER ROMA VIRGINIA RAGGI SINDACA,DANIELE MORETTI
SPORTIVI PER ROMA VIRGINIA RAGGI SINDACA,LUCREZIA CASU
SPORTIVI PER ROMA VIRGINIA RAGGI SINDACA,ALESSANDRO ALESSANDRONI
SPORTIVI PER ROMA VIRGINIA RAGGI SINDACA,GIUSEPPE CORBELLINI
SPORTIVI PER ROMA VIRGINIA RAGGI SINDACA,ANDREA MARCHETTI
SPORTIVI PER ROMA VIRGINIA RAGGI SINDACA,MARCO D'AMICI
SPORTIVI PER ROMA VIRGINIA RAGGI SINDACA,EMILIO CLAUDIO ALNO
SPORTIVI PER ROMA VIRGINIA RAGGI SINDACA,MIRCA GUERRIERI
SPORTIVI PER ROMA VIRGINIA RAGGI SINDACA,GABRIELLA GAGLIARDI
SPORTIVI PER ROMA VIRGINIA RAGGI SINDACA,MATTIA HELIO FEDERICO
SPORTIVI PER ROMA VIRGINIA RAGGI SINDACA,MANOLA MARRAS
SPORTIVI PER ROMA VIRGINIA RAGGI SINDACA,GIORGIA DE BIASE
SPORTIVI PER ROMA VIRGINIA RAGGI SINDACA,FRANCESCO ANTEI
SPORTIVI PER ROMA VIRGINIA RAGGI SINDACA,VALENTINA BARBERINI
SPORTIVI PER ROMA VIRGINIA RAGGI SINDACA,SIMONA CAVALLINI
SPORTIVI PER ROMA VIRGINIA RAGGI SINDACA,ANDREA CAVAGNA
SPORTIVI PER ROMA VIRGINIA RAGGI SINDACA,GIOVANNA CHERUBINI
SPORTIVI PER ROMA VIRGINIA RAGGI SINDACA,VERONICA CIGNITTI
SPORTIVI PER ROMA VIRGINIA RAGGI SINDACA,CLAUDIA IACONO
SPORTIVI PER ROMA VIRGINIA RAGGI SINDACA,RODRIGO MILIANTE RIBEIRO
SPORTIVI PER ROMA VIRGINIA RAGGI SINDACA,ILARIA PATITUCCI
SPORTIVI PER ROMA VIRGINIA RAGGI SINDACA,CLAUDIA SPELONCA
SPORTIVI PER ROMA VIRGINIA RAGGI SINDACA,BRUNALDO TOMBELLINI
SPORTIVI PER ROMA VIRGINIA RAGGI SINDACA,SALVATORE UNEDDU
SPORTIVI PER ROMA VIRGINIA RAGGI SINDACA,LUCA VINCENZINI
MOVIMENTO CINQUE STELLE 2050,GIULIANO PACETTI
MOVIMENTO CINQUE STELLE 2050,GERMANA PAOLETTI
MOVIMENTO CINQUE STELLE 2050,PAOLO FERRARA
MOVIMENTO CINQUE STELLE 2050,ANNALISA BERNABEI
MOVIMENTO CINQUE STELLE 2050,DANIELE DIACO
MOVIMENTO CINQUE STELLE 2050,CAROLA PENNA
MOVIMENTO CINQUE STELLE 2050,ROBERTO DI PALMA
MOVIMENTO CINQUE STELLE 2050,ELEONORA GUADAGNO
MOVIMENTO CINQUE STELLE 2050,PIETRO CALABRESE
MOVIMENTO CINQUE STELLE 2050,SARA SECCIA
MOVIMENTO CINQUE STELLE 2050,ANGELO DIARIO
MOVIMENTO CINQUE STELLE 2050,VALENTINA VIVARELLI
MOVIMENTO CINQUE STELLE 2050,ANDREA COIA
MOVIMENTO CINQUE STELLE 2050,SIMONA DONATI
MOVIMENTO CINQUE STELLE 2050,CARLO MARIA CHIOSSI
MOVIMENTO CINQUE STELLE 2050,TERESA MARIA ZOTTA
MOVIMENTO CINQUE STELLE 2050,MASSIMO SIMONELLI
MOVIMENTO CINQUE STELLE 2050,COSTANZA SPAMPINATO
MOVIMENTO CINQUE STELLE 2050,ROBERTO ALLEGRETTI
MOVIMENTO CINQUE STELLE 2050,ANNA FUMAGALLI
MOVIMENTO CINQUE STELLE 2050,GIOVANNI BOCCUZZI
MOVIMENTO CINQUE STELLE 2050,PAOLA CHIOVELLI
MOVIMENTO CINQUE STELLE 2050,ROBERTO ROMANELLA
MOVIMENTO CINQUE STELLE 2050,VERONICA MAMMI'
MOVIMENTO CINQUE STELLE 2050,LINDA MELEO
MOVIMENTO CINQUE STELLE 2050,MARIA GIUSEPPINA CAMPANINI
MOVIMENTO CINQUE STELLE 2050,MARCO CERISOLA
MOVIMENTO CINQUE STELLE 2050,ROBERTA CAPOCCIONI
MOVIMENTO CINQUE STELLE 2050,ANTONINO DI GIOVANNI
MOVIMENTO CINQUE STELLE 2050,PAOLA BIGGIO
MOVIMENTO CINQUE STELLE 2050,ALBERTO ILARIA
MOVIMENTO CINQUE STELLE 2050,VINCENZO MAISANO
MOVIMENTO CINQUE STELLE 2050,MARCELLA SILVANA ROSELLA
MOVIMENTO CINQUE STELLE 2050,EUGENIO TOSATTI
MOVIMENTO CINQUE STELLE 2050,FEDERICO AMATO
MOVIMENTO CINQUE STELLE 2050,MARIA ELENA MAMMARELLA
MOVIMENTO CINQUE STELLE 2050,GIORGIO DI PIETRANTONIO
MOVIMENTO CINQUE STELLE 2050,NUNZIA VASSALLO
MOVIMENTO CINQUE STELLE 2050,ALESSANDRO MARCO GISONDA
MOVIMENTO CINQUE STELLE 2050,GILBERTO KALENDA
MOVIMENTO CINQUE STELLE 2050,ENRICO LUPARDINI
MOVIMENTO CINQUE STELLE 2050,ANDREA MAGGI
MOVIMENTO CINQUE STELLE 2050,ENRICO MALAGUTI
MOVIMENTO CINQUE STELLE 2050,GIOVANNI PALESTRINI
MOVIMENTO CINQUE STELLE 2050,SERGIO PAZZELLI
MOVIMENTO CINQUE STELLE 2050,SARA POMPILI
MOVIMENTO CINQUE STELLE 2050,FABIO TALAMONI
MOVIMENTO CINQUE STELLE 2050,ALESSANDRO VOLPI
ROMA DECIDE VIRGINIA RAGGI SINDACA,PAOLO DE PERSIS
ROMA DECIDE VIRGINIA RAGGI SINDACA,SANDRA COCCO
ROMA DECIDE VIRGINIA RAGGI SINDACA,FRANCESCO CLEMENTI
ROMA DECIDE VIRGINIA RAGGI SINDACA,ALESSANDRO NUNZIO PESCE
ROMA DECIDE VIRGINIA RAGGI SINDACA,GIAMPIERO MARINELLI
ROMA DECIDE VIRGINIA RAGGI SINDACA,GIORGIO BIONDI
ROMA DECIDE VIRGINIA RAGGI SINDACA,CARLO MARIA SIMONETTI
ROMA DECIDE VIRGINIA RAGGI SINDACA,SILVIA DI BLASIO
ROMA DECIDE VIRGINIA RAGGI SINDACA,FEDERICO AMADEI
ROMA DECIDE VIRGINIA RAGGI SINDACA,LUIGI MARGIOTTA
ROMA DECIDE VIRGINIA RAGGI SINDACA,LUCA DELLA SANTA
ROMA DECIDE VIRGINIA RAGGI SINDACA,MARCO BORGESE
ROMA DECIDE VIRGINIA RAGGI SINDACA,MARIO FRATINI
ROMA DECIDE VIRGINIA RAGGI SINDACA,SIMONE GALTIERI
ROMA DECIDE VIRGINIA RAGGI SINDACA,QUINTILIO SAVINA
ROMA DECIDE VIRGINIA RAGGI SINDACA,DOMENICO GAROFALO
ROMA DECIDE VIRGINIA RAGGI SINDACA,FABIO FEDERICI
ROMA DECIDE VIRGINIA RAGGI SINDACA,BENEDETTO MARCONI
ROMA DECIDE VIRGINIA RAGGI SINDACA,FRANCESCA ROCCADORO
ROMA DECIDE VIRGINIA RAGGI SINDACA,ALICE MODUGNO
ROMA DECIDE VIRGINIA RAGGI SINDACA,SIMONE TERENZI
ROMA DECIDE VIRGINIA RAGGI SINDACA,UMBERTO GIOLITTI
ROMA DECIDE VIRGINIA RAGGI SINDACA,MARIA ROSARIA CAPORILLI
ROMA DECIDE VIRGINIA RAGGI SINDACA,LAURA VALLESE
ROMA DECIDE VIRGINIA RAGGI SINDACA,PAOLO MACIOCI
ROMA DECIDE VIRGINIA RAGGI SINDACA,MARCO PETRUCCI
ROMA DECIDE VIRGINIA RAGGI SINDACA,FEDERICA FRANCESCONE
ROMA DECIDE VIRGINIA RAGGI SINDACA,VALERIA LANZI
ROMA DECIDE VIRGINIA RAGGI SINDACA,FEDERICA PAGLIEI
ROMA DECIDE VIRGINIA RAGGI SINDACA,ELISABETTA CANTELLI
ROMA DECIDE VIRGINIA RAGGI SINDACA,SERGIO BIASUCCI
ROMA DECIDE VIRGINIA RAGGI SINDACA,MATTEO IALLONARDI
ROMA DECIDE VIRGINIA RAGGI SINDACA,MARIANNA DI EMILIO
LISTA CIVICA VIRGINIA RAGGI,GABRIELLA RAGGI
LISTA CIVICA VIRGINIA RAGGI,TERESA DONVITO
LISTA CIVICA VIRGINIA RAGGI,MIRIAM MIROLLA
LISTA CIVICA VIRGINIA RAGGI,ANTONIO DE SANTIS
LISTA CIVICA VIRGINIA RAGGI,MARCO DORIA
LISTA CIVICA VIRGINIA RAGGI,VERONICA TASCIOTTI
LISTA CIVICA VIRGINIA RAGGI,FAUSTO LUIGI CAGGIA
LISTA CIVICA VIRGINIA RAGGI,MARCO PORCELLANA
LISTA CIVICA VIRGINIA RAGGI,SEBASTIANO LA MANNA
LISTA CIVICA VIRGINIA RAGGI,ALESSANDRA GABBANI
LISTA CIVICA VIRGINIA RAGGI,FRANCESCO TESSE
LISTA CIVICA VIRGINIA RAGGI,EMANUELE ARCESE
LISTA CIVICA VIRGINIA RAGGI,ILARIA TRIONFETTI
LISTA CIVICA VIRGINIA RAGGI,ALESSANDRO D'ANGELILLO
LISTA CIVICA VIRGINIA RAGGI,ANNA CHIARA TORTI
LISTA CIVICA VIRGINIA RAGGI,PAOLO LA BOLLITA
LISTA CIVICA VIRGINIA RAGGI,ALFREDO SANTOLOCI
LISTA CIVICA VIRGINIA RAGGI,CRISTINA MARTINA SEQUEIRA NEVES
LISTA CIVICA VIRGINIA RAGGI,JESSICA AMADEI
LISTA CIVICA VIRGINIA RAGGI,MASSIMO CASALE
LISTA CIVICA VIRGINIA RAGGI,MARCO SCIARRA
LISTA CIVICA VIRGINIA RAGGI,ANTONIO LIBONATI
LISTA CIVICA VIRGINIA RAGGI,JACOPO COLALONGO
LISTA CIVICA VIRGINIA RAGGI,BARBARA MILIONI
LISTA CIVICA VIRGINIA RAGGI,MARIA MARTINA PETRICCA
LISTA CIVICA VIRGINIA RAGGI,SALVATORE ANGIUS
LISTA CIVICA VIRGINIA RAGGI,ANDREA BEZZICCHERI
LISTA CIVICA VIRGINIA RAGGI,ALESSANDRO CORRUCCINI
LISTA CIVICA VIRGINIA RAGGI,SERENA MARIA CANDIGLIOTA
LISTA CIVICA VIRGINIA RAGGI,EMANUELE CECCATO
LISTA CIVICA VIRGINIA RAGGI,DAVIDE CARLO MARIA FERRARIS
LISTA CIVICA VIRGINIA RAGGI,MARCO COLAROSSI
LISTA CIVICA VIRGINIA RAGGI,TIZIANA BORGATTA
LISTA CIVICA VIRGINIA RAGGI,EMANUELE PANZETTI
LISTA CIVICA VIRGINIA RAGGI,PIETRO BARRERA
LISTA CIVICA VIRGINIA RAGGI,MARCO CALVO
LISTA CIVICA VIRGINIA RAGGI,FRANCESCA PAGLIARA
LISTA CIVICA VIRGINIA RAGGI,ROBERTA ROVELLI
LISTA CIVICA VIRGINIA RAGGI,ALESSANDRO RICCI
LISTA CIVICA VIRGINIA RAGGI,CARMELO CIRAULO
LISTA CIVICA VIRGINIA RAGGI,RENATO FRILLI
LISTA CIVICA VIRGINIA RAGGI,ANNA MARIA NANGANO
LISTA CIVICA VIRGINIA RAGGI,AMELIA SANSONE
LISTA CIVICA VIRGINIA RAGGI,GIULIA SCATAMACCHIA
LISTA CIVICA VIRGINIA RAGGI,ALESSANDRO CRASTA
LISTA CIVICA VIRGINIA RAGGI,DANIELE BIANCONI
LISTA CIVICA VIRGINIA RAGGI,CRISTIANA SOTTILE
LISTA CIVICA VIRGINIA RAGGI,EVELYN VENUTO
CON LE DONNE PER ROMA VIRGINIA RAGGI SINDACA,ANGELA RAFFAELA TERESA BARRECA
CON LE DONNE PER ROMA VIRGINIA RAGGI SINDACA,SARA CIASCO
CON LE DONNE PER ROMA VIRGINIA RAGGI SINDACA,NADIA BENGALA
CON LE DONNE PER ROMA VIRGINIA RAGGI SINDACA,BARBARA DE FILIPPO
CON LE DONNE PER ROMA VIRGINIA RAGGI SINDACA,MASSIMO SPANO
CON LE DONNE PER ROMA VIRGINIA RAGGI SINDACA,LUDOVICA REALINI
CON LE DONNE PER ROMA VIRGINIA RAGGI SINDACA,ANJA PRISKA DAHM
CON LE DONNE PER ROMA VIRGINIA RAGGI SINDACA,PAOLA SCHIRRU
CON LE DONNE PER ROMA VIRGINIA RAGGI SINDACA,LAURA GASPARI
CON LE DONNE PER ROMA VIRGINIA RAGGI SINDACA,FABIANA PARAVANI
CON LE DONNE PER ROMA VIRGINIA RAGGI SINDACA,LORIANA ROSSI
CON LE DONNE PER ROMA VIRGINIA RAGGI SINDACA,ANNARITA MAZZUCCA
CON LE DONNE PER ROMA VIRGINIA RAGGI SINDACA,GIUSEPPE DOMENICO BITETTI
CON LE DONNE PER ROMA VIRGINIA RAGGI SINDACA,ORIANA FUNARI
CON LE DONNE PER ROMA VIRGINIA RAGGI SINDACA,ROSARIA RITA SFORZA
CON LE DONNE PER ROMA VIRGINIA RAGGI SINDACA,DANIELA ANGELICI
CON LE DONNE PER ROMA VIRGINIA RAGGI SINDACA,IVANA D'ADAMO
CON LE DONNE PER ROMA VIRGINIA RAGGI SINDACA,CHIARA POLICELLA
CON LE DONNE PER ROMA VIRGINIA RAGGI SINDACA,DONATO VONA
CON LE DONNE PER ROMA VIRGINIA RAGGI SINDACA,GASPARE LOMBARDO
CON LE DONNE PER ROMA VIRGINIA RAGGI SINDACA,ALDO NANI
CON LE DONNE PER ROMA VIRGINIA RAGGI SINDACA,NUNZIO CICCONE
CON LE DONNE PER ROMA VIRGINIA RAGGI SINDACA,MANUEL NISI
CON LE DONNE PER ROMA VIRGINIA RAGGI SINDACA,ALESSANDRO MEROLLE
CON LE DONNE PER ROMA VIRGINIA RAGGI SINDACA,RENATO ZANCOLLA
CON LE DONNE PER ROMA VIRGINIA RAGGI SINDACA,PIETRO JORI TABET
CON LE DONNE PER ROMA VIRGINIA RAGGI SINDACA,ANDREA MONTECCHIA
CON LE DONNE PER ROMA VIRGINIA RAGGI SINDACA,VALERIO PIERPAOLO CECCONI
CON LE DONNE PER ROMA VIRGINIA RAGGI SINDACA,MARCO BORGIONI
CON LE DONNE PER ROMA VIRGINIA RAGGI SINDACA,GIULIA CAMEDDA
CON LE DONNE PER ROMA VIRGINIA RAGGI SINDACA,MASSIMO GALATONE
CON LE DONNE PER ROMA VIRGINIA RAGGI SINDACA,ROSARIO FALCIANO
CON LE DONNE PER ROMA VIRGINIA RAGGI SINDACA,MARCO PROSPERI
CON LE DONNE PER ROMA VIRGINIA RAGGI SINDACA,GIULIO COLETTA
CON LE DONNE PER ROMA VIRGINIA RAGGI SINDACA,ANDREA MENEGAZ
CON LE DONNE PER ROMA VIRGINIA RAGGI SINDACA,NICOLA NORELLI
PARTITO COMUNISTA DEI LAVORATORI,MASSIMO CAPPELLANI
PARTITO COMUNISTA DEI LAVORATORI,MARCO PICCINELLI
PARTITO COMUNISTA DEI LAVORATORI,LEO CACCIARI
PARTITO COMUNISTA DEI LAVORATORI,MAURIZIO LUPIDI
PARTITO COMUNISTA DEI LAVORATORI,STEFANO VANNUCCI
PARTITO COMUNISTA DEI LAVORATORI,RICCARDO SPADANO
PARTITO COMUNISTA DEI LAVORATORI,ANDREA MARIA PENSABENE
PARTITO COMUNISTA DEI LAVORATORI,SILVANA IEMMA
PARTITO COMUNISTA DEI LAVORATORI,ARDUINO FRAVETO
PARTITO COMUNISTA DEI LAVORATORI,FRANCO SORGE
PARTITO COMUNISTA DEI LAVORATORI,UMBERTA TASCIOTTI
PARTITO COMUNISTA DEI LAVORATORI,BARBARA PECCHIOLI
PARTITO COMUNISTA DEI LAVORATORI,ARRIGO GAVAGNI
PARTITO COMUNISTA DEI LAVORATORI,LINDA BONCI
PARTITO COMUNISTA DEI LAVORATORI,SIMONE PERUGINI
PARTITO COMUNISTA DEI LAVORATORI,ANTONIO CARRABBA
PARTITO COMUNISTA DEI LAVORATORI,ROSSANA LOMBARDI
PARTITO COMUNISTA DEI LAVORATORI,ADA TORRENTE
PARTITO COMUNISTA DEI LAVORATORI,DOMENICO MARSILI
PARTITO COMUNISTA DEI LAVORATORI,ALESSANDRO FREDIANI
PARTITO COMUNISTA DEI LAVORATORI,MARIA LASCIALFARI
PARTITO COMUNISTA DEI LAVORATORI,DIEGO PEVERINI
PARTITO COMUNISTA DEI LAVORATORI,CRESCENZO PAPALE
PARTITO COMUNISTA DEI LAVORATORI,FRANCA DE ANGELIS
PARTITO COMUNISTA DEI LAVORATORI,FABRIZIO TOGNETTI
PARTITO COMUNISTA DEI LAVORATORI,ANTONIO CASAGRANDE
PARTITO COMUNISTA DEI LAVORATORI,GABRIELA FICCADENTI
PARTITO COMUNISTA DEI LAVORATORI,OTTAVIANO SCIPIONE
PARTITO COMUNISTA DEI LAVORATORI,PAOLA TAVERNA
PARTITO COMUNISTA DEI LAVORATORI,ALFONSINA PALUMBO
PARTITO COMUNISTA DEI LAVORATORI,GIOVANNA SICLARI
PARTITO COMUNISTA DEI LAVORATORI,TIZIANO DI CLEMENTE
PARTITO COMUNISTA DEI LAVORATORI,ROSA ANNA ERAMO
PCI,GAETANO SEMINATORE
PCI,MARIA GRAZIA GALLI
PCI,WALTER MARIO TUCCI
PCI,IURI AMBROSI
PCI,MARIA BARBARO
PCI,GABRIELLA BELARDINELLI
PCI,MARIA PIA BELARDINELLI
PCI,SANDRO BROGLIO
PCI,ADRIANO CAPOCCHI
PCI,GIACOMO COLONNA
PCI,MAURIZIO COSTANTINI
PCI,FABRIZIO DI GIOIA
PCI,GIUSEPPE FORCINITI
PCI,ALBERTO FORTUNATO
PCI,MARIA LUISA GALLO
PCI,MARINA GANZERLI
PCI,RACHEL GIANNINI
PCI,LUCA GIOVAGNOLI
PCI,MONIA GIOVAGNOLI
PCI,STEFANO GORINI
PCI,MAURIZIO IAGHER
PCI,ALESSANDRO LAGI
PCI,EDOARDO LAGI
PCI,MICHELA LAGI
PCI,FLAVIA LAVORATO
PCI,GIULIO MARCHETTI
PCI,MICHELA MOSCONI
PCI,PAOLA PENNA
PCI,DARIA SANTILLI
PCI,SERGIO SANTINELLI
PCI,BIANCA MARIA SCRIVO
PCI,LOREDANA SENSONI
PCI,ANDREA SONAGLIONI
PCI,BRUNO STERI
PCI,EMILIANO TATAFIORE
PCI,VERINO TINABURRI
PCI,ROBERTO VALLOCCHIA
PCI,TIZIANO ZIROLI
PCI,ROBERTA ZOPPI
PARTITO GAY LGBT+ SOLIDALE AMBIENTALISTA LIBERALE,CLAUDIA TOSCANO
PARTITO GAY LGBT+ SOLIDALE AMBIENTALISTA LIBERALE,MAURIZIO REGOSA
PARTITO GAY LGBT+ SOLIDALE AMBIENTALISTA LIBERALE,GIOIANA NARDI
PARTITO GAY LGBT+ SOLIDALE AMBIENTALISTA LIBERALE,DANIELE CONCOTELLI
PARTITO GAY LGBT+ SOLIDALE AMBIENTALISTA LIBERALE,SAVIN IVANOV BADEV
PARTITO GAY LGBT+ SOLIDALE AMBIENTALISTA LIBERALE,LEA BALDUCCI
PARTITO GAY LGBT+ SOLIDALE AMBIENTALISTA LIBERALE,MARILENA BERARDI
PARTITO GAY LGBT+ SOLIDALE AMBIENTALISTA LIBERALE,SERGIO BETTI
PARTITO GAY LGBT+ SOLIDALE AMBIENTALISTA LIBERALE,MIRKO BOTTICELLI
PARTITO GAY LGBT+ SOLIDALE AMBIENTALISTA LIBERALE,MICHELE ADRIANO BRUNACCINI
PARTITO GAY LGBT+ SOLIDALE AMBIENTALISTA LIBERALE,LUCA VINCENZO CAPUANO
PARTITO GAY LGBT+ SOLIDALE AMBIENTALISTA LIBERALE,GIOVANNA CECERE
PARTITO GAY LGBT+ SOLIDALE AMBIENTALISTA LIBERALE,IDA D'ALESSANDRO
PARTITO GAY LGBT+ SOLIDALE AMBIENTALISTA LIBERALE,SORAYA D'APUZZO
PARTITO GAY LGBT+ SOLIDALE AMBIENTALISTA LIBERALE,AURORA DERIU
PARTITO GAY LGBT+ SOLIDALE AMBIENTALISTA LIBERALE,MARCO MARIA LORENZO MARCELLO FIORELLI
PARTITO GAY LGBT+ SOLIDALE AMBIENTALISTA LIBERALE,CARLO MARIA ROMEO FLAMINI
PARTITO GAY LGBT+ SOLIDALE AMBIENTALISTA LIBERALE,MANUELA FUSACCHIA
PARTITO GAY LGBT+ SOLIDALE AMBIENTALISTA LIBERALE,SIMONE GENTILI
PARTITO GAY LGBT+ SOLIDALE AMBIENTALISTA LIBERALE,DEBORAH GIOVARRUSCIO
PARTITO GAY LGBT+ SOLIDALE AMBIENTALISTA LIBERALE,CARMINE GUERRA
PARTITO GAY LGBT+ SOLIDALE AMBIENTALISTA LIBERALE,GIAMPIERO GUIDOTTI
PARTITO GAY LGBT+ SOLIDALE AMBIENTALISTA LIBERALE,PATRIZIA LUSTRI
PARTITO GAY LGBT+ SOLIDALE AMBIENTALISTA LIBERALE,MARCELLA MALERBA
PARTITO GAY LGBT+ SOLIDALE AMBIENTALISTA LIBERALE,VERONICA MANCA
PARTITO GAY LGBT+ SOLIDALE AMBIENTALISTA LIBERALE,FRANCESCO MANNO
PARTITO GAY LGBT+ SOLIDALE AMBIENTALISTA LIBERALE,ARIANNA MARCOTULLI
PARTITO GAY LGBT+ SOLIDALE AMBIENTALISTA LIBERALE,MARISTELLA MARESCA
PARTITO GAY LGBT+ SOLIDALE AMBIENTALISTA LIBERALE,ELISA MONTEDORO
PARTITO GAY LGBT+ SOLIDALE AMBIENTALISTA LIBERALE,DEBORAH MORABITO
PARTITO GAY LGBT+ SOLIDALE AMBIENTALISTA LIBERALE,LEOPOLDO PARENTE
PARTITO GAY LGBT+ SOLIDALE AMBIENTALISTA LIBERALE,NELLY PATRONCINI
PARTITO GAY LGBT+ SOLIDALE AMBIENTALISTA LIBERALE,GIOVANNI PICUS
PARTITO GAY LGBT+ SOLIDALE AMBIENTALISTA LIBERALE,GLORIA PORTALUPI
PARTITO GAY LGBT+ SOLIDALE AMBIENTALISTA LIBERALE,FRANCESCA RACCAGNI
PARTITO GAY LGBT+ SOLIDALE AMBIENTALISTA LIBERALE,SERAFINO SCARPINO
PARTITO GAY LGBT+ SOLIDALE AMBIENTALISTA LIBERALE,MARCO SPANO
PARTITO GAY LGBT+ SOLIDALE AMBIENTALISTA LIBERALE,ORAZIO STRANO
PARTITO GAY LGBT+ SOLIDALE AMBIENTALISTA LIBERALE,GIULIA TAGLIENTI
PARTITO GAY LGBT+ SOLIDALE AMBIENTALISTA LIBERALE,LORIS TARDUCCI
PARTITO GAY LGBT+ SOLIDALE AMBIENTALISTA LIBERALE,LUCA VITTORI
PROGETTO CIVICO ATTIVA ROMA,GEMMA GUERRINI
PROGETTO CIVICO ATTIVA ROMA,ANDREA CAPRARI
PROGETTO CIVICO ATTIVA ROMA,LORELLA PIERALLI
PROGETTO CIVICO ATTIVA ROMA,MICHELE CAMPISI
PROGETTO CIVICO ATTIVA ROMA,ETIENNE GABRIELE BRUCHON
PROGETTO CIVICO ATTIVA ROMA,ELISABETTA D'ALESSANDRO
PROGETTO CIVICO ATTIVA ROMA,FEDERICA POLIDORI
PROGETTO CIVICO ATTIVA ROMA,VALENTINA ASTA
PROGETTO CIVICO ATTIVA ROMA,ROSSANA BORTOLIN
PROGETTO CIVICO ATTIVA ROMA,BIANCA SIMONELLI
PROGETTO CIVICO ATTIVA ROMA,GIULIO GIANNELLA
PROGETTO CIVICO ATTIVA ROMA,ANTONELLA BORZI
PROGETTO CIVICO ATTIVA ROMA,MARCELLO MINNITI
PROGETTO CIVICO ATTIVA ROMA,FRANCESCA TRAVALLONI
PROGETTO CIVICO ATTIVA ROMA,VALERIO FABI
PROGETTO CIVICO ATTIVA ROMA,IOLANDA SPOLETINI
PROGETTO CIVICO ATTIVA ROMA,ELISA NEMIZ
PROGETTO CIVICO ATTIVA ROMA,FABRIZIO RANZANI
PROGETTO CIVICO ATTIVA ROMA,GIULIA GIORDANO
PROGETTO CIVICO ATTIVA ROMA,CARMELINA ARIOSTO
PROGETTO CIVICO ATTIVA ROMA,FIORENZO AMBROGIANO
PROGETTO CIVICO ATTIVA ROMA,SIMONETTA SIMEONI
PROGETTO CIVICO ATTIVA ROMA,MARIA GRAZIA DANESI
PROGETTO CIVICO ATTIVA ROMA,COSIMO FORLEO
PROGETTO CIVICO ATTIVA ROMA,FEDERICA CARNEVALE
PROGETTO CIVICO ATTIVA ROMA,CINZIA IANNI
PROGETTO CIVICO ATTIVA ROMA,MARCO VESTRI
PROGETTO CIVICO ATTIVA ROMA,MARIA LO FIEGO
PROGETTO CIVICO ATTIVA ROMA,VITTORIO DI MENNO DI BUCCHIANICO
PROGETTO CIVICO ATTIVA ROMA,BARBARA PARATORE
PROGETTO CIVICO ATTIVA ROMA,LUCA MINIERO
PROGETTO CIVICO ATTIVA ROMA,NOEMI LONGO
PROGETTO CIVICO ATTIVA ROMA,CRISTINA PASQUAZI
PROGETTO CIVICO ATTIVA ROMA,SANDRA TOPA
MOVIMENTO IDEA SOCIALE M.I.S.,NICOLA DE ANGELIS
MOVIMENTO IDEA SOCIALE M.I.S.,GRAZIELLA PRALI
MOVIMENTO IDEA SOCIALE M.I.S.,VALENTINA ANGELONI
MOVIMENTO IDEA SOCIALE M.I.S.,MAURO BARTOLI
MOVIMENTO IDEA SOCIALE M.I.S.,MASSIMILIANO CACIOLO
MOVIMENTO IDEA SOCIALE M.I.S.,STEFANIA CAMODECA
MOVIMENTO IDEA SOCIALE M.I.S.,ANDREA CANARIS
MOVIMENTO IDEA SOCIALE M.I.S.,GIANFRANCO CAPOROSSI
MOVIMENTO IDEA SOCIALE M.I.S.,PAOLO CARNEVALE
MOVIMENTO IDEA SOCIALE M.I.S.,STEFANO CIMA
MOVIMENTO IDEA SOCIALE M.I.S.,FRANCESCO DESSI'
MOVIMENTO IDEA SOCIALE M.I.S.,ROBERTO DI CLEMENTE
MOVIMENTO IDEA SOCIALE M.I.S.,SALVATORE GIUSTINIANO
MOVIMENTO IDEA SOCIALE M.I.S.,ROBERTA GRAMMAROLI
MOVIMENTO IDEA SOCIALE M.I.S.,CIRO LONGO
MOVIMENTO IDEA SOCIALE M.I.S.,MARGHERITA MANCINI
MOVIMENTO IDEA SOCIALE M.I.S.,SILVANA NAPOLI
MOVIMENTO IDEA SOCIALE M.I.S.,ANGELO OLIVERI
MOVIMENTO IDEA SOCIALE M.I.S.,RICCARDO ORSINI
MOVIMENTO IDEA SOCIALE M.I.S.,MAURA RAMAZZOTTI
MOVIMENTO IDEA SOCIALE M.I.S.,ANTONIO RUGGIERO
MOVIMENTO IDEA SOCIALE M.I.S.,ANTONIO SORDI
MOVIMENTO IDEA SOCIALE M.I.S.,MIRJANA VESKOV
MOVIMENTO IDEA SOCIALE M.I.S.,PIETRO PAOLO MORELLI
MOVIMENTO IDEA SOCIALE M.I.S.,ALESSANDRO ROSELLI
MOVIMENTO IDEA SOCIALE M.I.S.,SIUZANNA EL BURAWI
MOVIMENTO IDEA SOCIALE M.I.S.,SILVIA SAGNOTTI
MOVIMENTO IDEA SOCIALE M.I.S.,VIORICA MARIUTA
MOVIMENTO IDEA SOCIALE M.I.S.,LIUDMILA VARKULENETS
MOVIMENTO IDEA SOCIALE M.I.S.,MARZIA DE ANGELIS
MOVIMENTO IDEA SOCIALE M.I.S.,CARMINE NAPOLI
MOVIMENTO IDEA SOCIALE M.I.S.,FRANCESCO OLIVERI
MOVIMENTO IDEA SOCIALE M.I.S.,NICOLO' DI PISA
MOVIMENTO IDEA SOCIALE M.I.S.,ALBERTO NICOLAS NABORRE
MOVIMENTO IDEA SOCIALE M.I.S.,MAURIZIO OLIVERI
MOVIMENTO IDEA SOCIALE M.I.S.,TANIA SANELLI
MOVIMENTO IDEA SOCIALE M.I.S.,LUCIA BELLAVIA
MOVIMENTO IDEA SOCIALE M.I.S.,DANIELE CHIOFALO
RINASCIMENTO SGARBI MICHETTI SINDACO CAMBIAMO ROMA,STEFANO ARDIZZONE
RINASCIMENTO SGARBI MICHETTI SINDACO CAMBIAMO ROMA,ROBERTO BALDASSARRE
RINASCIMENTO SGARBI MICHETTI SINDACO CAMBIAMO ROMA,ALESSANDRO BALLI
RINASCIMENTO SGARBI MICHETTI SINDACO CAMBIAMO ROMA,ALESSANDRA BALZANO
RINASCIMENTO SGARBI MICHETTI SINDACO CAMBIAMO ROMA,SILVIO BARONE
RINASCIMENTO SGARBI MICHETTI SINDACO CAMBIAMO ROMA,ZAIRA BARTUCCA
RINASCIMENTO SGARBI MICHETTI SINDACO CAMBIAMO ROMA,GIORGIO BELTRAME
RINASCIMENTO SGARBI MICHETTI SINDACO CAMBIAMO ROMA,FRANCESCA BOCCHI
RINASCIMENTO SGARBI MICHETTI SINDACO CAMBIAMO ROMA,LUCA BONANNI
RINASCIMENTO SGARBI MICHETTI SINDACO CAMBIAMO ROMA,FRANCESCO BONDOLI
RINASCIMENTO SGARBI MICHETTI SINDACO CAMBIAMO ROMA,BRIGITTE CARBONARI
RINASCIMENTO SGARBI MICHETTI SINDACO CAMBIAMO ROMA,GIOVANNI PIETRO CALELLA
RINASCIMENTO SGARBI MICHETTI SINDACO CAMBIAMO ROMA,VANESSA CHERUBINI
RINASCIMENTO SGARBI MICHETTI SINDACO CAMBIAMO ROMA,ADRIANO CIAMEI
RINASCIMENTO SGARBI MICHETTI SINDACO CAMBIAMO ROMA,BENITO CORRADINI
RINASCIMENTO SGARBI MICHETTI SINDACO CAMBIAMO ROMA,SIMONE CRISTINA DE PINHO TAVARES
RINASCIMENTO SGARBI MICHETTI SINDACO CAMBIAMO ROMA,ETTORE DE VITO
RINASCIMENTO SGARBI MICHETTI SINDACO CAMBIAMO ROMA,FRANCO DEIANA
RINASCIMENTO SGARBI MICHETTI SINDACO CAMBIAMO ROMA,DANIELE DRAGONE
RINASCIMENTO SGARBI MICHETTI SINDACO CAMBIAMO ROMA,ALESSIO DULIZIA
RINASCIMENTO SGARBI MICHETTI SINDACO CAMBIAMO ROMA,VITALIANA ESPOSITO
RINASCIMENTO SGARBI MICHETTI SINDACO CAMBIAMO ROMA,PASQUALE CARLO FAILLACI
RINASCIMENTO SGARBI MICHETTI SINDACO CAMBIAMO ROMA,MARIO ISIDORO FALCO
RINASCIMENTO SGARBI MICHETTI SINDACO CAMBIAMO ROMA,FABIO FIESOLE
RINASCIMENTO SGARBI MICHETTI SINDACO CAMBIAMO ROMA,LUIGI FRATINI
RINASCIMENTO SGARBI MICHETTI SINDACO CAMBIAMO ROMA,IVANO GRAZIOSI
RINASCIMENTO SGARBI MICHETTI SINDACO CAMBIAMO ROMA,DAVIDE LEONCAVALLO
RINASCIMENTO SGARBI MICHETTI SINDACO CAMBIAMO ROMA,ROBERTO LITTA
RINASCIMENTO SGARBI MICHETTI SINDACO CAMBIAMO ROMA,MAURIZIO LOMBARDI LEONARDI
RINASCIMENTO SGARBI MICHETTI SINDACO CAMBIAMO ROMA,LAURA MARCHESE
RINASCIMENTO SGARBI MICHETTI SINDACO CAMBIAMO ROMA,MARIA LUISA LO MONTE
RINASCIMENTO SGARBI MICHETTI SINDACO CAMBIAMO ROMA,FLOR EMPERATRIZ MENDOZA
RINASCIMENTO SGARBI MICHETTI SINDACO CAMBIAMO ROMA,ADRIANA PALLADINO
RINASCIMENTO SGARBI MICHETTI SINDACO CAMBIAMO ROMA,SIMONE PALOMBI
RINASCIMENTO SGARBI MICHETTI SINDACO CAMBIAMO ROMA,SERENA PETRELLA
RINASCIMENTO SGARBI MICHETTI SINDACO CAMBIAMO ROMA,ALESSANDRO PRUDENTE
RINASCIMENTO SGARBI MICHETTI SINDACO CAMBIAMO ROMA,NICOLETTA QUINZIATO
RINASCIMENTO SGARBI MICHETTI SINDACO CAMBIAMO ROMA,ALESSANDRO RUBINI
RINASCIMENTO SGARBI MICHETTI SINDACO CAMBIAMO ROMA,SILVIA SCOLARI
RINASCIMENTO SGARBI MICHETTI SINDACO CAMBIAMO ROMA,FRANCESCA SINATO
RINASCIMENTO SGARBI MICHETTI SINDACO CAMBIAMO ROMA,CLAUDIO TESTA
RINASCIMENTO SGARBI MICHETTI SINDACO CAMBIAMO ROMA,AGOSTINO TRIDICO
RINASCIMENTO SGARBI MICHETTI SINDACO CAMBIAMO ROMA,GERARDO VALENTINI
RINASCIMENTO SGARBI MICHETTI SINDACO CAMBIAMO ROMA,MAURO VENNARINI
RINASCIMENTO SGARBI MICHETTI SINDACO CAMBIAMO ROMA,GUIDO ZANOBINI
RINASCIMENTO SGARBI MICHETTI SINDACO CAMBIAMO ROMA,CINZIA MARTIN
ROMA TI RIGUARDA BERDINI SINDACO PARTITO DEL SUD,ALBERTO BENZONI
ROMA TI RIGUARDA BERDINI SINDACO PARTITO DEL SUD,BERNARDO ROSSI DORIA
ROMA TI RIGUARDA BERDINI SINDACO PARTITO DEL SUD,MICHELA BECCHIS
ROMA TI RIGUARDA BERDINI SINDACO PARTITO DEL SUD,GIULIA PEZZELLA
ROMA TI RIGUARDA BERDINI SINDACO PARTITO DEL SUD,Domenico ARTUSA
ROMA TI RIGUARDA BERDINI SINDACO PARTITO DEL SUD,AURO BIZZONI
ROMA TI RIGUARDA BERDINI SINDACO PARTITO DEL SUD,ANGELO CAPUTO
ROMA TI RIGUARDA BERDINI SINDACO PARTITO DEL SUD,MARCO CARRARO
ROMA TI RIGUARDA BERDINI SINDACO PARTITO DEL SUD,PATRIZIA CECCONI
ROMA TI RIGUARDA BERDINI SINDACO PARTITO DEL SUD,GIORGIO OMAR CERIANI
ROMA TI RIGUARDA BERDINI SINDACO PARTITO DEL SUD,MASSIMILIANO CICCAZZO
ROMA TI RIGUARDA BERDINI SINDACO PARTITO DEL SUD,LUCIA DE CONTERIS
ROMA TI RIGUARDA BERDINI SINDACO PARTITO DEL SUD,BIAGIO DE MASI
ROMA TI RIGUARDA BERDINI SINDACO PARTITO DEL SUD,GIULIA DE SANTIS
ROMA TI RIGUARDA BERDINI SINDACO PARTITO DEL SUD,AGNESE DELL'UNTO
ROMA TI RIGUARDA BERDINI SINDACO PARTITO DEL SUD,SIMONE DI CESARE
ROMA TI RIGUARDA BERDINI SINDACO PARTITO DEL SUD,CLEOFE FREZZA
ROMA TI RIGUARDA BERDINI SINDACO PARTITO DEL SUD,CRISTINA GRANDI
ROMA TI RIGUARDA BERDINI SINDACO PARTITO DEL SUD,PALMA MANUELA GRANO
ROMA TI RIGUARDA BERDINI SINDACO PARTITO DEL SUD,ANDREA ILARI
ROMA TI RIGUARDA BERDINI SINDACO PARTITO DEL SUD,STELLA ISACCHINI
ROMA TI RIGUARDA BERDINI SINDACO PARTITO DEL SUD,MARIA CRISTINA LAVECCHIA
ROMA TI RIGUARDA BERDINI SINDACO PARTITO DEL SUD,GIUSEPPE LIPARI
ROMA TI RIGUARDA BERDINI SINDACO PARTITO DEL SUD,MARCELLO LUCA
ROMA TI RIGUARDA BERDINI SINDACO PARTITO DEL SUD,ROBERTA LUTTA
ROMA TI RIGUARDA BERDINI SINDACO PARTITO DEL SUD,FEDERICO MANCINI
ROMA TI RIGUARDA BERDINI SINDACO PARTITO DEL SUD,HERTA MANENTI
ROMA TI RIGUARDA BERDINI SINDACO PARTITO DEL SUD,ALESSIO MARINI
ROMA TI RIGUARDA BERDINI SINDACO PARTITO DEL SUD,MATTEO MASSIMI
ROMA TI RIGUARDA BERDINI SINDACO PARTITO DEL SUD,STEFANIA MAZZONI
ROMA TI RIGUARDA BERDINI SINDACO PARTITO DEL SUD,LUCA MORANTE
ROMA TI RIGUARDA BERDINI SINDACO PARTITO DEL SUD,VITO MELONI
ROMA TI RIGUARDA BERDINI SINDACO PARTITO DEL SUD,ROBERTO MOREA
ROMA TI RIGUARDA BERDINI SINDACO PARTITO DEL SUD,ROSANGELA MURA
ROMA TI RIGUARDA BERDINI SINDACO PARTITO DEL SUD,MICHELE ELIGIO PALERMO
ROMA TI RIGUARDA BERDINI SINDACO PARTITO DEL SUD,FRANCESCA PALERMO
ROMA TI RIGUARDA BERDINI SINDACO PARTITO DEL SUD,PAOLO PIETRANGELI
ROMA TI RIGUARDA BERDINI SINDACO PARTITO DEL SUD,STEFANO PROIETTI
ROMA TI RIGUARDA BERDINI SINDACO PARTITO DEL SUD,BEATRICE RIDOLFI
ROMA TI RIGUARDA BERDINI SINDACO PARTITO DEL SUD,ELIO ROMANO
ROMA TI RIGUARDA BERDINI SINDACO PARTITO DEL SUD,RAFFAELE SCHETTINO
ROMA TI RIGUARDA BERDINI SINDACO PARTITO DEL SUD,SANDRA SIMONETTI
ROMA TI RIGUARDA BERDINI SINDACO PARTITO DEL SUD,SARA SPERA
ROMA TI RIGUARDA BERDINI SINDACO PARTITO DEL SUD,ELISABETTA STANO
ROMA TI RIGUARDA BERDINI SINDACO PARTITO DEL SUD,ALESSANDRO TONUCCI
ROMA TI RIGUARDA BERDINI SINDACO PARTITO DEL SUD,TIZIANA ULERI
ROMA TI RIGUARDA BERDINI SINDACO PARTITO DEL SUD,LUCIANA ALBA VASTANO
ROMA TI RIGUARDA BERDINI SINDACO PARTITO DEL SUD,ROBERTO VILLANI
PARTITO DELLE BUONE MANIERE,DALILA GALLOZZI
PARTITO DELLE BUONE MANIERE,MICHELE PELLEGRINO
PARTITO DELLE BUONE MANIERE,MARIA PIA PONTILLO
PARTITO DELLE BUONE MANIERE,ROCCO STRIANO
PARTITO DELLE BUONE MANIERE,MARIA FARINA
PARTITO DELLE BUONE MANIERE,GIOVANNI MAGGI
PARTITO DELLE BUONE MANIERE,MARIA GIUSEPPINA RAUCCI
PARTITO DELLE BUONE MANIERE,MICHELE ACANFORA
PARTITO DELLE BUONE MANIERE,MARTA RACIUOPPOLO
PARTITO DELLE BUONE MANIERE,ALBERTO PELLEGRINO
PARTITO DELLE BUONE MANIERE,ANTONELLA PICCIRILLO
PARTITO DELLE BUONE MANIERE,CARLO PELLEGRINO
PARTITO DELLE BUONE MANIERE,ROSANGELA BARRA
PARTITO DELLE BUONE MANIERE,MARIO CENTORE
PARTITO DELLE BUONE MANIERE,GIULIA CASTELLI
PARTITO DELLE BUONE MANIERE,RAFFAELE PICOZZI
PARTITO DELLE BUONE MANIERE,SILVIA BAMUNDO
PARTITO DELLE BUONE MANIERE,RICCARDO MORGILLO
PARTITO DELLE BUONE MANIERE,ROSA FERRAJOLO
PARTITO DELLE BUONE MANIERE,GIUSEPPE GALLOZZI
PARTITO DELLE BUONE MANIERE,OLIMPIA FERRAIOLO
PARTITO DELLE BUONE MANIERE,FIORELLA VIRGILIO
PARTITO DELLE BUONE MANIERE,ALESSANDRO CIRIACO
PARTITO DELLE BUONE MANIERE,MANUEL MORGILLO
PARTITO DELLE BUONE MANIERE,SERGIO PICOZZI
PARTITO DELLE BUONE MANIERE,GIANLUCA DI BENEDETTO
PARTITO DELLE BUONE MANIERE,GIUSEPPINA COTRONESE
PARTITO DELLE BUONE MANIERE,MARIO DI BENEDETTO
PARTITO DELLE BUONE MANIERE,ANDREA SPINA
PARTITO DELLE BUONE MANIERE,MICHELE AURICCHIO
PARTITO DELLE BUONE MANIERE,ANTONIETTA BENFATTO
PARTITO DELLE BUONE MANIERE,GIUSEPPE ANDREA AURICCHIO
PARTITO DELLE BUONE MANIERE,ROBERTA AURICCHIO
PARTITO DELLE BUONE MANIERE,DIANA DE SANTO
MPL MOVIMENTO POLITICO LIBERTAS,ANTONIO FIERRO
MPL MOVIMENTO POLITICO LIBERTAS,IFTAKHAR AHAMAD
MPL MOVIMENTO POLITICO LIBERTAS,ALESSANDRO BONATI
MPL MOVIMENTO POLITICO LIBERTAS,FIORELLA BUZZI
MPL MOVIMENTO POLITICO LIBERTAS,LAURA CALDARA
MPL MOVIMENTO POLITICO LIBERTAS,PAOLA CECCOTTI
MPL MOVIMENTO POLITICO LIBERTAS,ANNAMARIA CELANO
MPL MOVIMENTO POLITICO LIBERTAS,DEBORAH D'ANGELO
MPL MOVIMENTO POLITICO LIBERTAS,EMMANUEL EKWURU
MPL MOVIMENTO POLITICO LIBERTAS,MASSIMO ESPOSITO
MPL MOVIMENTO POLITICO LIBERTAS,ALFONSO FERRARA
MPL MOVIMENTO POLITICO LIBERTAS,GIUSEPPE GHERARDI
MPL MOVIMENTO POLITICO LIBERTAS,GIANFRANCO FRANCO
MPL MOVIMENTO POLITICO LIBERTAS,MARIACHIARA GREGORACI
MPL MOVIMENTO POLITICO LIBERTAS,ALDA HALLUNI
MPL MOVIMENTO POLITICO LIBERTAS,K M LOKMAN HUSSAIN
MPL MOVIMENTO POLITICO LIBERTAS,CIRO IMPERATO
MPL MOVIMENTO POLITICO LIBERTAS,GISELA JOSEFINA LOPEZ
MPL MOVIMENTO POLITICO LIBERTAS,ELEONORA LO MONACO
MPL MOVIMENTO POLITICO LIBERTAS,ELVIRA LO SCHIAVO
MPL MOVIMENTO POLITICO LIBERTAS,GIOVANNI MAGLI
MPL MOVIMENTO POLITICO LIBERTAS,ILARIA MARCHEI
MPL MOVIMENTO POLITICO LIBERTAS,WADUD MIAH
MPL MOVIMENTO POLITICO LIBERTAS,DANIELE MOLINA
MPL MOVIMENTO POLITICO LIBERTAS,GIOVANNI MARIA MORANI
MPL MOVIMENTO POLITICO LIBERTAS,SAADIA MESKI
MPL MOVIMENTO POLITICO LIBERTAS,SPERANTA PARAEAC
MPL MOVIMENTO POLITICO LIBERTAS,ARCANGELA PETRINO
MPL MOVIMENTO POLITICO LIBERTAS,RICCARDO QUACQUARELLI
MPL MOVIMENTO POLITICO LIBERTAS,ROSA QUACQUARELLI
MPL MOVIMENTO POLITICO LIBERTAS,CINZIA RINALDI
MPL MOVIMENTO POLITICO LIBERTAS,MARIA RITA RINALDI
MPL MOVIMENTO POLITICO LIBERTAS,NEMESIO RINALDI
MPL MOVIMENTO POLITICO LIBERTAS,INES ROSSI
MPL MOVIMENTO POLITICO LIBERTAS,ANNAMARIA SCHIAVULLI
MPL MOVIMENTO POLITICO LIBERTAS,FRANCESCO TROVALUSCI
MPL MOVIMENTO POLITICO LIBERTAS,ERMENGARDA VANZETTA
IL POPOLO DELLA FAMIGLIA NO GENDER NELLE SCUOLE,EDOARDO MARIA CARPINETI
IL POPOLO DELLA FAMIGLIA NO GENDER NELLE SCUOLE,LAURA TERRANA
IL POPOLO DELLA FAMIGLIA NO GENDER NELLE SCUOLE,LUCIANO CASTRO
IL POPOLO DELLA FAMIGLIA NO GENDER NELLE SCUOLE,ANDREA TURCO
IL POPOLO DELLA FAMIGLIA NO GENDER NELLE SCUOLE,MASSIMO BOSCHI
IL POPOLO DELLA FAMIGLIA NO GENDER NELLE SCUOLE,ANGELO DE SANTIS
IL POPOLO DELLA FAMIGLIA NO GENDER NELLE SCUOLE,MONICA PANNACCI
IL POPOLO DELLA FAMIGLIA NO GENDER NELLE SCUOLE,MAURO ROTUNNO
IL POPOLO DELLA FAMIGLIA NO GENDER NELLE SCUOLE,ANDREA GREFFI
IL POPOLO DELLA FAMIGLIA NO GENDER NELLE SCUOLE,ELEONORA ANTONUCCI
IL POPOLO DELLA FAMIGLIA NO GENDER NELLE SCUOLE,PAOLO COSCIONE
IL POPOLO DELLA FAMIGLIA NO GENDER NELLE SCUOLE,ALESSANDRA TRIGILA
IL POPOLO DELLA FAMIGLIA NO GENDER NELLE SCUOLE,GIUSEPPE ROTUNNO
IL POPOLO DELLA FAMIGLIA NO GENDER NELLE SCUOLE,SILVIO ROSSI
IL POPOLO DELLA FAMIGLIA NO GENDER NELLE SCUOLE,ROSELLA SANTELLI
IL POPOLO DELLA FAMIGLIA NO GENDER NELLE SCUOLE,CRISTIANO FIORI
IL POPOLO DELLA FAMIGLIA NO GENDER NELLE SCUOLE,MAURO CANGINI
IL POPOLO DELLA FAMIGLIA NO GENDER NELLE SCUOLE,CLAUDIO MATTEODA
IL POPOLO DELLA FAMIGLIA NO GENDER NELLE SCUOLE,MARIA RITA MARINETTI
IL POPOLO DELLA FAMIGLIA NO GENDER NELLE SCUOLE,MASSIMO NARDIELLO
IL POPOLO DELLA FAMIGLIA NO GENDER NELLE SCUOLE,MARCO PETRIZZELLI
IL POPOLO DELLA FAMIGLIA NO GENDER NELLE SCUOLE,MARIA ELISA ARRABITO
IL POPOLO DELLA FAMIGLIA NO GENDER NELLE SCUOLE,LUCA LEONI
IL POPOLO DELLA FAMIGLIA NO GENDER NELLE SCUOLE,SIMONE SVELTO
IL POPOLO DELLA FAMIGLIA NO GENDER NELLE SCUOLE,NICOLETTA ROSSI
IL POPOLO DELLA FAMIGLIA NO GENDER NELLE SCUOLE,CHIARA SANMORI'
IL POPOLO DELLA FAMIGLIA NO GENDER NELLE SCUOLE,Jacqueline Roxana QUIMI CATALAN
IL POPOLO DELLA FAMIGLIA NO GENDER NELLE SCUOLE,GENNARO CONTARDI
IL POPOLO DELLA FAMIGLIA NO GENDER NELLE SCUOLE,FILOMENA MARENGO
IL POPOLO DELLA FAMIGLIA NO GENDER NELLE SCUOLE,MARCO RONCHINI
IL POPOLO DELLA FAMIGLIA NO GENDER NELLE SCUOLE,ELISABETTA DEL PO
IL POPOLO DELLA FAMIGLIA NO GENDER NELLE SCUOLE,CLAUDIO RIDOLFI
IL POPOLO DELLA FAMIGLIA NO GENDER NELLE SCUOLE,GIOVANNI BUONSANTI
IL POPOLO DELLA FAMIGLIA NO GENDER NELLE SCUOLE,LUCIA SCALONE DI MONTELAURO
IL POPOLO DELLA FAMIGLIA NO GENDER NELLE SCUOLE,FAUSTO DESIDERI
IL POPOLO DELLA FAMIGLIA NO GENDER NELLE SCUOLE,LUISA TOTINO
IL POPOLO DELLA FAMIGLIA NO GENDER NELLE SCUOLE,SILVIA PARDOLESI
IL POPOLO DELLA FAMIGLIA NO GENDER NELLE SCUOLE,VINCENZO BASILE
IL POPOLO DELLA FAMIGLIA NO GENDER NELLE SCUOLE,FLORIANA CECCARELLI
IL POPOLO DELLA FAMIGLIA NO GENDER NELLE SCUOLE,CLAUDIO DI NAPOLI
IL POPOLO DELLA FAMIGLIA NO GENDER NELLE SCUOLE,SERGIO NICOLAMME
IL POPOLO DELLA FAMIGLIA NO GENDER NELLE SCUOLE,SIMONE DEL BROCCO
IL POPOLO DELLA FAMIGLIA NO GENDER NELLE SCUOLE,ILARIA MINOSSE
IL POPOLO DELLA FAMIGLIA NO GENDER NELLE SCUOLE,ALESSIO ABOAF
IL POPOLO DELLA FAMIGLIA NO GENDER NELLE SCUOLE,FRANCESCO MARIA SANNA
IL POPOLO DELLA FAMIGLIA NO GENDER NELLE SCUOLE,CARLO DELL'OLMO
IL POPOLO DELLA FAMIGLIA NO GENDER NELLE SCUOLE,STEFANO PALLINI
DEMOS DEMOCRAZIA SOLIDALE,PAOLO CIANI
DEMOS DEMOCRAZIA SOLIDALE,NICOLA ACCARINO
DEMOS DEMOCRAZIA SOLIDALE,ZEINAB AHMED DOLAL
DEMOS DEMOCRAZIA SOLIDALE,MARIAM SALEM MOHAMED SALEM ALI
DEMOS DEMOCRAZIA SOLIDALE,FILIPPO BACCHETTI
DEMOS DEMOCRAZIA SOLIDALE,ANALIZA CEPILLO BUENO
DEMOS DEMOCRAZIA SOLIDALE,ALDO CAVALLO
DEMOS DEMOCRAZIA SOLIDALE,ALESSIO COLLACCHI
DEMOS DEMOCRAZIA SOLIDALE,FABIO MASSIMO CORSI
DEMOS DEMOCRAZIA SOLIDALE,ROBERTO CRISTOFORI
DEMOS DEMOCRAZIA SOLIDALE,SABRINA DE FEDERICIS
DEMOS DEMOCRAZIA SOLIDALE,NICOLA DI FLORA
DEMOS DEMOCRAZIA SOLIDALE,MARIA GIUSEPPINA DI MONTE
DEMOS DEMOCRAZIA SOLIDALE,MARCO DONATI
DEMOS DEMOCRAZIA SOLIDALE,BARBARA FUNARI
DEMOS DEMOCRAZIA SOLIDALE,ROSARIA GAROZZO
DEMOS DEMOCRAZIA SOLIDALE,MALENA HALILOVIC
DEMOS DEMOCRAZIA SOLIDALE,MARIA IOANNILLI
DEMOS DEMOCRAZIA SOLIDALE,DARIO LAURENZI
DEMOS DEMOCRAZIA SOLIDALE,ANDREA LEMMA
DEMOS DEMOCRAZIA SOLIDALE,MARINO LIZZA
DEMOS DEMOCRAZIA SOLIDALE,GIULIA MACCAURO
DEMOS DEMOCRAZIA SOLIDALE,ANDREA MASULLO
DEMOS DEMOCRAZIA SOLIDALE,AMERIGO MIZZON
DEMOS DEMOCRAZIA SOLIDALE,ADRIAN NICOLAE NITA
DEMOS DEMOCRAZIA SOLIDALE,ANTONELLA ONORI
DEMOS DEMOCRAZIA SOLIDALE,GOTTARDO PALLASTRELLI DI CELLERI
DEMOS DEMOCRAZIA SOLIDALE,GIANCARLO PENZA
DEMOS DEMOCRAZIA SOLIDALE,MAURA PEPPOLONI
DEMOS DEMOCRAZIA SOLIDALE,KANNANGARAGE KULASIRI INDRANANDA PERERA
DEMOS DEMOCRAZIA SOLIDALE,VALERIO PERUZZI
DEMOS DEMOCRAZIA SOLIDALE,SILVANA ROSA PESCOSOLIDO
DEMOS DEMOCRAZIA SOLIDALE,SANDRO PETROLATI
DEMOS DEMOCRAZIA SOLIDALE,FABRIZIO PIEMONTESE
DEMOS DEMOCRAZIA SOLIDALE,BRUNO PIETROBONO
DEMOS DEMOCRAZIA SOLIDALE,FLAVIO PIZZA
DEMOS DEMOCRAZIA SOLIDALE,BARBARA RADDI
DEMOS DEMOCRAZIA SOLIDALE,DIEGO ROMEO
DEMOS DEMOCRAZIA SOLIDALE,GIANCARLO RUSSO
DEMOS DEMOCRAZIA SOLIDALE,GIAN MATTEO SABATINO
DEMOS DEMOCRAZIA SOLIDALE,STEFANIA SCARDALA
DEMOS DEMOCRAZIA SOLIDALE,TIZIANO SCARPARO
DEMOS DEMOCRAZIA SOLIDALE,ANTONIO SEGATORI
DEMOS DEMOCRAZIA SOLIDALE,STEFANO SPINELLI
DEMOS DEMOCRAZIA SOLIDALE,FRANCESCO TIERI
DEMOS DEMOCRAZIA SOLIDALE,GIADA TRAVAGLINI
DEMOS DEMOCRAZIA SOLIDALE,STEFANO VELLA
DEMOS DEMOCRAZIA SOLIDALE,FRANCESCO VENEZIANO
LISTA CIVICA GUALTIERI SINDACO,MONICA LUCARELLI
LISTA CIVICA GUALTIERI SINDACO,TOMMASO AMODEO
LISTA CIVICA GUALTIERI SINDACO,GIULIO ANTICOLI
LISTA CIVICA GUALTIERI SINDACO,MARCO ANTONELLI
LISTA CIVICA GUALTIERI SINDACO,CARMINE BARBATI
LISTA CIVICA GUALTIERI SINDACO,GIOVANNI BATTISTONI
LISTA CIVICA GUALTIERI SINDACO,GERMANO BERNARDINI
LISTA CIVICA GUALTIERI SINDACO,LUCA BERTOZZI
LISTA CIVICA GUALTIERI SINDACO,TOMMASO BOCCHETTI
LISTA CIVICA GUALTIERI SINDACO,PAOLO PIETRO BRUNO
LISTA CIVICA GUALTIERI SINDACO,GIULIANO CALCAGNI
LISTA CIVICA GUALTIERI SINDACO,SUSY CESETTI
LISTA CIVICA GUALTIERI SINDACO,ALESSANDRO CINQUE
LISTA CIVICA GUALTIERI SINDACO,FRANCESCA DAVOLI
LISTA CIVICA GUALTIERI SINDACO,ANGELO DOMINICI
LISTA CIVICA GUALTIERI SINDACO,ENRICO ELMO
LISTA CIVICA GUALTIERI SINDACO,DAVIDE FEDERICI
LISTA CIVICA GUALTIERI SINDACO,ROCCO FERRARO
LISTA CIVICA GUALTIERI SINDACO,CARLO ANDREA FRANCESE
LISTA CIVICA GUALTIERI SINDACO,GIOVANNI FULVI
LISTA CIVICA GUALTIERI SINDACO,FRANCO GAMBACURTA
LISTA CIVICA GUALTIERI SINDACO,DONATELLA GENTILINI
LISTA CIVICA GUALTIERI SINDACO,CARLO IANNONE
LISTA CIVICA GUALTIERI SINDACO,NORA IOSIA
LISTA CIVICA GUALTIERI SINDACO,ELISABETTA LANCELLOTTI
LISTA CIVICA GUALTIERI SINDACO,FEDERICO LOBUONO
LISTA CIVICA GUALTIERI SINDACO,PAOLA MATTOCCIA
LISTA CIVICA GUALTIERI SINDACO,ANGELA MELILLO
LISTA CIVICA GUALTIERI SINDACO,ILARIA MIARELLI MARIANI
LISTA CIVICA GUALTIERI SINDACO,FABIO MILANI
LISTA CIVICA GUALTIERI SINDACO,ALBERTA PARISSI
LISTA CIVICA GUALTIERI SINDACO,EVANDRO PASSALACQUA
LISTA CIVICA GUALTIERI SINDACO,DANIELA PAVONCELLO
LISTA CIVICA GUALTIERI SINDACO,GIULIA PIERMATTEI
LISTA CIVICA GUALTIERI SINDACO,ANTONIO PIETRAMALA
LISTA CIVICA GUALTIERI SINDACO,RANIERO PIZZA
LISTA CIVICA GUALTIERI SINDACO,ALBERTO POLINI
LISTA CIVICA GUALTIERI SINDACO,LAZZARO RONCHI
LISTA CIVICA GUALTIERI SINDACO,FRANCESCA RUSSO
LISTA CIVICA GUALTIERI SINDACO,FRANCO SALVATORI
LISTA CIVICA GUALTIERI SINDACO,CHIARA SANTO
LISTA CIVICA GUALTIERI SINDACO,PAOLO SPAZIANI
LISTA CIVICA GUALTIERI SINDACO,MARIA SQUARCIONE
LISTA CIVICA GUALTIERI SINDACO,MARZIA TOTI
LISTA CIVICA GUALTIERI SINDACO,GIORGIO TRABUCCO
LISTA CIVICA GUALTIERI SINDACO,FABIO VALENTE
LISTA CIVICA GUALTIERI SINDACO,LAURA VASSELLI
LISTA CIVICA GUALTIERI SINDACO,MANUELA VERONELLI
PARTITO SOCIALISTA ITALIANO PSI,VITTORIO MICHELE CRAXI
PARTITO SOCIALISTA ITALIANO PSI,CRISTINA GRANCIO
PARTITO SOCIALISTA ITALIANO PSI,MASSIMO LULLI
PARTITO SOCIALISTA ITALIANO PSI,GIOVANNA MIELE
PARTITO SOCIALISTA ITALIANO PSI,STEFANO AMOROSO
PARTITO SOCIALISTA ITALIANO PSI,SERGIO BOCCUCCIA
PARTITO SOCIALISTA ITALIANO PSI,CLAUDIA BORO
PARTITO SOCIALISTA ITALIANO PSI,FRANCESCO BROGLIA
PARTITO SOCIALISTA ITALIANO PSI,FABIO BUCCILLI
PARTITO SOCIALISTA ITALIANO PSI,MONICA CAMPAGNA
PARTITO SOCIALISTA ITALIANO PSI,LIVIO CARPINETA
PARTITO SOCIALISTA ITALIANO PSI,ANTONELLA CEFARO
PARTITO SOCIALISTA ITALIANO PSI,ANTONELLA CONSOLO
PARTITO SOCIALISTA ITALIANO PSI,SILVIA DI GASPARE
PARTITO SOCIALISTA ITALIANO PSI,GRAZIELLA DI STEFANO
PARTITO SOCIALISTA ITALIANO PSI,SIBILLA DRISALDI
PARTITO SOCIALISTA ITALIANO PSI,ANNA FAELLA
PARTITO SOCIALISTA ITALIANO PSI,FRANCESCA FANTO'
PARTITO SOCIALISTA ITALIANO PSI,CARLO FELICI
PARTITO SOCIALISTA ITALIANO PSI,EGIDIO FILIPPONE
PARTITO SOCIALISTA ITALIANO PSI,ANNA MARIA GRAZIOSI
PARTITO SOCIALISTA ITALIANO PSI,BENEDETTO LIGORIO
PARTITO SOCIALISTA ITALIANO PSI,CHIARA MAGLIACCA
PARTITO SOCIALISTA ITALIANO PSI,VINCENZO MARTUSCELLI
PARTITO SOCIALISTA ITALIANO PSI,EMANUELA MASSA
PARTITO SOCIALISTA ITALIANO PSI,ILARIA MATTIA
PARTITO SOCIALISTA ITALIANO PSI,AGNESE MATTOGNO
PARTITO SOCIALISTA ITALIANO PSI,OLINDO MATTOGNO
PARTITO SOCIALISTA ITALIANO PSI,DARIO NOSCHESE
PARTITO SOCIALISTA ITALIANO PSI,CRISTINA PALAZZI
PARTITO SOCIALISTA ITALIANO PSI,ROBERTO PAPA
PARTITO SOCIALISTA ITALIANO PSI,FRANCESCO POMPILI
PARTITO SOCIALISTA ITALIANO PSI,LORENZO ROSSI
PARTITO SOCIALISTA ITALIANO PSI,GIUSEPPE SALVATI
PARTITO SOCIALISTA ITALIANO PSI,ANDREA SANGIORGI CARONE
PARTITO SOCIALISTA ITALIANO PSI,MAURIZIO SANSONI
PARTITO SOCIALISTA ITALIANO PSI,GIULIA SANTAMARIA
PARTITO SOCIALISTA ITALIANO PSI,CLAUDIO SBARDELLA
PARTITO SOCIALISTA ITALIANO PSI,MARA SCARAMELLA
PARTITO SOCIALISTA ITALIANO PSI,GIULIO SNIDER
PARTITO SOCIALISTA ITALIANO PSI,RICCARDO SORCI
PARTITO SOCIALISTA ITALIANO PSI,ANNA MARIA STORNATA
PARTITO SOCIALISTA ITALIANO PSI,LUIGI TANGREDI
PARTITO SOCIALISTA ITALIANO PSI,GIUSEPPE PIO TORCICOLLO
PARTITO SOCIALISTA ITALIANO PSI,STEFANO TUFI
PARTITO SOCIALISTA ITALIANO PSI,ANTONIO VALENZI
PARTITO SOCIALISTA ITALIANO PSI,GIUSEPPE VONA
PARTITO SOCIALISTA ITALIANO PSI,ANTONIO MUSMECI CATANIA
ROMA FUTURA FEMMINISTA EGUALITARIA ECOLOGISTA,GIOVANNI CAUDO
ROMA FUTURA FEMMINISTA EGUALITARIA ECOLOGISTA,ROSSANA BASSI
ROMA FUTURA FEMMINISTA EGUALITARIA ECOLOGISTA,STANISLAV ALYEKSANDROV
ROMA FUTURA FEMMINISTA EGUALITARIA ECOLOGISTA,TIZIANA BIOLGHINI
ROMA FUTURA FEMMINISTA EGUALITARIA ECOLOGISTA,STEFANO AMBROSETTI
ROMA FUTURA FEMMINISTA EGUALITARIA ECOLOGISTA,ISABELLA BOARI
ROMA FUTURA FEMMINISTA EGUALITARIA ECOLOGISTA,VALERIO BONANNI
ROMA FUTURA FEMMINISTA EGUALITARIA ECOLOGISTA,ISABELLA BORRELLI
ROMA FUTURA FEMMINISTA EGUALITARIA ECOLOGISTA,MARCO CARLIZZI
ROMA FUTURA FEMMINISTA EGUALITARIA ECOLOGISTA,LUCIANA BRUNO
ROMA FUTURA FEMMINISTA EGUALITARIA ECOLOGISTA,NICOLA CERABONA
ROMA FUTURA FEMMINISTA EGUALITARIA ECOLOGISTA,EVA VITTORIA CAMMERINO
ROMA FUTURA FEMMINISTA EGUALITARIA ECOLOGISTA,FABIO CIPRESSA
ROMA FUTURA FEMMINISTA EGUALITARIA ECOLOGISTA,ROSARIA CLEMENTE
ROMA FUTURA FEMMINISTA EGUALITARIA ECOLOGISTA,EMILIANO COFANO
ROMA FUTURA FEMMINISTA EGUALITARIA ECOLOGISTA,GINEVRA ADA DANESI VISCONTI
ROMA FUTURA FEMMINISTA EGUALITARIA ECOLOGISTA,TOMMASO FELICI
ROMA FUTURA FEMMINISTA EGUALITARIA ECOLOGISTA,FRANCESCA DI POMPEO
ROMA FUTURA FEMMINISTA EGUALITARIA ECOLOGISTA,FLAVIO FINOCCHI
ROMA FUTURA FEMMINISTA EGUALITARIA ECOLOGISTA,GIULIA FERRARA
ROMA FUTURA FEMMINISTA EGUALITARIA ECOLOGISTA,LORENZO GASPARRINI
ROMA FUTURA FEMMINISTA EGUALITARIA ECOLOGISTA,ALESSANDRA LATERZA
ROMA FUTURA FEMMINISTA EGUALITARIA ECOLOGISTA,GIOVANNI GIANNELLI
ROMA FUTURA FEMMINISTA EGUALITARIA ECOLOGISTA,ANNA LODESERTO
ROMA FUTURA FEMMINISTA EGUALITARIA ECOLOGISTA,DAVIDE GROSSI
ROMA FUTURA FEMMINISTA EGUALITARIA ECOLOGISTA,FRANCESCA MARINA MORPURGO
ROMA FUTURA FEMMINISTA EGUALITARIA ECOLOGISTA,PAOLO LECCESE
ROMA FUTURA FEMMINISTA EGUALITARIA ECOLOGISTA,DANIELA PATTI
ROMA FUTURA FEMMINISTA EGUALITARIA ECOLOGISTA,DANIELE MANCINI
ROMA FUTURA FEMMINISTA EGUALITARIA ECOLOGISTA,SUSANNA POLIMANTI
ROMA FUTURA FEMMINISTA EGUALITARIA ECOLOGISTA,PAOLO PARNASI
ROMA FUTURA FEMMINISTA EGUALITARIA ECOLOGISTA,CLAUDIA PRATELLI
ROMA FUTURA FEMMINISTA EGUALITARIA ECOLOGISTA,FLORESTANO PASTORE
ROMA FUTURA FEMMINISTA EGUALITARIA ECOLOGISTA,ALESSANDRA QUATTROCCHI
ROMA FUTURA FEMMINISTA EGUALITARIA ECOLOGISTA,GIAN LUCA RIPARBELLI
ROMA FUTURA FEMMINISTA EGUALITARIA ECOLOGISTA,SUSANNA SPAFFORD
ROMA FUTURA FEMMINISTA EGUALITARIA ECOLOGISTA,SIMONE SAPIENZA
ROMA FUTURA FEMMINISTA EGUALITARIA ECOLOGISTA,PAOLA SPINELLI
ROMA FUTURA FEMMINISTA EGUALITARIA ECOLOGISTA,RUGGERO SCOTTI
ROMA FUTURA FEMMINISTA EGUALITARIA ECOLOGISTA,MARTINA TESTA
ROMA FUTURA FEMMINISTA EGUALITARIA ECOLOGISTA,GUIDO SILIPO
ROMA FUTURA FEMMINISTA EGUALITARIA ECOLOGISTA,FRANCESCA TOLINO
ROMA FUTURA FEMMINISTA EGUALITARIA ECOLOGISTA,ROBERTO TOMASSI
ROMA FUTURA FEMMINISTA EGUALITARIA ECOLOGISTA,MARIA ASSUNTA VITELLI
ROMA FUTURA FEMMINISTA EGUALITARIA ECOLOGISTA,MARCO TRIMALDI
ROMA FUTURA FEMMINISTA EGUALITARIA ECOLOGISTA,MANUELE TURRIS
ROMA FUTURA FEMMINISTA EGUALITARIA ECOLOGISTA,RICCARDO VALENTINI
ROMA FUTURA FEMMINISTA EGUALITARIA ECOLOGISTA,MICHELE ZACCONE
SINISTRA CIVICA ECOLOGISTA,ROBERTA AGOSTINI
SINISTRA CIVICA ECOLOGISTA,MICHELA CICCULLI
SINISTRA CIVICA ECOLOGISTA,MARILENA GRASSADONIA
SINISTRA CIVICA ECOLOGISTA,GIUSEPPE LIBUTTI
SINISTRA CIVICA ECOLOGISTA,FABIO PERRONE
SINISTRA CIVICA ECOLOGISTA,VITO MICHELE ABRUSCI
SINISTRA CIVICA ECOLOGISTA,FEDERICA ANGELINI
SINISTRA CIVICA ECOLOGISTA,GIULIO ARRIGO
SINISTRA CIVICA ECOLOGISTA,PAOLA BALDUCCI
SINISTRA CIVICA ECOLOGISTA,PAOLO BARROS
SINISTRA CIVICA ECOLOGISTA,ANTONELLA CAPURSO
SINISTRA CIVICA ECOLOGISTA,STEFANO CAROSELLI
SINISTRA CIVICA ECOLOGISTA,MAURIZIO CARROZZI
SINISTRA CIVICA ECOLOGISTA,MAURO CASTELLANI
SINISTRA CIVICA ECOLOGISTA,ANNAMARIA PROIETTI CESARETTI
SINISTRA CIVICA ECOLOGISTA,LUCA COCCIA
SINISTRA CIVICA ECOLOGISTA,TERESA DE CHIARA
SINISTRA CIVICA ECOLOGISTA,FLORIANA D'ELIA
SINISTRA CIVICA ECOLOGISTA,MARINA D'ORTENZIO
SINISTRA CIVICA ECOLOGISTA,FABIO FADDA
SINISTRA CIVICA ECOLOGISTA,ANDREA FALZONE
SINISTRA CIVICA ECOLOGISTA,MAURIZIO FRATTARELLI
SINISTRA CIVICA ECOLOGISTA,ROBERTO GIORGI
SINISTRA CIVICA ECOLOGISTA,MARIA LUISA GLEIJESES
SINISTRA CIVICA ECOLOGISTA,MARCO INNOCENTI
SINISTRA CIVICA ECOLOGISTA,FLAVIA LEUCI
SINISTRA CIVICA ECOLOGISTA,FRANCO LUFRANI
SINISTRA CIVICA ECOLOGISTA,ALESSANDRO LUPARELLI
SINISTRA CIVICA ECOLOGISTA,RICCARDO MAMELI
SINISTRA CIVICA ECOLOGISTA,LUCA MANCINI
SINISTRA CIVICA ECOLOGISTA,MONIA MANZO
SINISTRA CIVICA ECOLOGISTA,ALESSANDRA MARCHESE
SINISTRA CIVICA ECOLOGISTA,DANIELA MARIANELLO
SINISTRA CIVICA ECOLOGISTA,CARLO DARIO MARTINELLI
SINISTRA CIVICA ECOLOGISTA,NADIA MAZZANTI
SINISTRA CIVICA ECOLOGISTA,LINDA MUSCARIDOLA
SINISTRA CIVICA ECOLOGISTA,LEOPOLDO NASCIA
SINISTRA CIVICA ECOLOGISTA,ELISABETTA PAPINI
SINISTRA CIVICA ECOLOGISTA,ANTONIO QUINTILIANI
SINISTRA CIVICA ECOLOGISTA,MICHELANGELO RICCI
SINISTRA CIVICA ECOLOGISTA,ROBERTO ROCCHI
SINISTRA CIVICA ECOLOGISTA,STEFANO ROCCI
SINISTRA CIVICA ECOLOGISTA,GIAN LUCA RUGGERI
SINISTRA CIVICA ECOLOGISTA,PASQUALE RUZZA
SINISTRA CIVICA ECOLOGISTA,FRANCO ANTONIO SAPIA
SINISTRA CIVICA ECOLOGISTA,PATRIZIA STERPETTI
SINISTRA CIVICA ECOLOGISTA,ROBERTO VIDALI
SINISTRA CIVICA ECOLOGISTA,GIANCARLA ZINNA
EUROPA VERDE ECOLOGISTA - EUROPEAN GREEN PARTY - VERDI,URBANO RIARIO SFORZA BARBERINI COLONNA DI SCIA
EUROPA VERDE ECOLOGISTA - EUROPEAN GREEN PARTY - VERDI,SIMONA FICCARDI
EUROPA VERDE ECOLOGISTA - EUROPEAN GREEN PARTY - VERDI,GUGLIELMO CALCERANO
EUROPA VERDE ECOLOGISTA - EUROPEAN GREEN PARTY - VERDI,FERDINANDO BONESSIO
EUROPA VERDE ECOLOGISTA - EUROPEAN GREEN PARTY - VERDI,SIMONA SARACENO
EUROPA VERDE ECOLOGISTA - EUROPEAN GREEN PARTY - VERDI,SIMONA BOTTONI
EUROPA VERDE ECOLOGISTA - EUROPEAN GREEN PARTY - VERDI,ALESSANDRO CEROFOLINI
EUROPA VERDE ECOLOGISTA - EUROPEAN GREEN PARTY - VERDI,FLAVIA SCIFONI
EUROPA VERDE ECOLOGISTA - EUROPEAN GREEN PARTY - VERDI,CATERINA DELLA VALLE
EUROPA VERDE ECOLOGISTA - EUROPEAN GREEN PARTY - VERDI,FRANCESCO PETTINI
EUROPA VERDE ECOLOGISTA - EUROPEAN GREEN PARTY - VERDI,LORENZO GRASSI
EUROPA VERDE ECOLOGISTA - EUROPEAN GREEN PARTY - VERDI,ADA NATALI
EUROPA VERDE ECOLOGISTA - EUROPEAN GREEN PARTY - VERDI,GIULIO CORRENTE
EUROPA VERDE ECOLOGISTA - EUROPEAN GREEN PARTY - VERDI,NATALIA IATCO
EUROPA VERDE ECOLOGISTA - EUROPEAN GREEN PARTY - VERDI,ROBERTO DI SANTO
EUROPA VERDE ECOLOGISTA - EUROPEAN GREEN PARTY - VERDI,FLORINDA BARBUTO
EUROPA VERDE ECOLOGISTA - EUROPEAN GREEN PARTY - VERDI,MARCO PAPI
EUROPA VERDE ECOLOGISTA - EUROPEAN GREEN PARTY - VERDI,ALESSANDRO CAVALIERE
EUROPA VERDE ECOLOGISTA - EUROPEAN GREEN PARTY - VERDI,SOFIA ABETI
EUROPA VERDE ECOLOGISTA - EUROPEAN GREEN PARTY - VERDI,ALESSANDRO ALBANESE
EUROPA VERDE ECOLOGISTA - EUROPEAN GREEN PARTY - VERDI,STEFANO ANTONELLI
EUROPA VERDE ECOLOGISTA - EUROPEAN GREEN PARTY - VERDI,SILVIA BARISANO
EUROPA VERDE ECOLOGISTA - EUROPEAN GREEN PARTY - VERDI,FLAVIANA CELIO
EUROPA VERDE ECOLOGISTA - EUROPEAN GREEN PARTY - VERDI,FERNANDO CALDERARI
EUROPA VERDE ECOLOGISTA - EUROPEAN GREEN PARTY - VERDI,MARIA RITA CONTICELLI
EUROPA VERDE ECOLOGISTA - EUROPEAN GREEN PARTY - VERDI,MARCO CIMAGLIA
EUROPA VERDE ECOLOGISTA - EUROPEAN GREEN PARTY - VERDI,ELISABETTA DELLA MANNA
EUROPA VERDE ECOLOGISTA - EUROPEAN GREEN PARTY - VERDI,ANGELO COPPOTELLI
EUROPA VERDE ECOLOGISTA - EUROPEAN GREEN PARTY - VERDI,ANTONIETTA DI VITO
EUROPA VERDE ECOLOGISTA - EUROPEAN GREEN PARTY - VERDI,ALESSANDRO CRESCENZI
EUROPA VERDE ECOLOGISTA - EUROPEAN GREEN PARTY - VERDI,FEDERICA GUGLIELMI
EUROPA VERDE ECOLOGISTA - EUROPEAN GREEN PARTY - VERDI,DARIO CURTI
EUROPA VERDE ECOLOGISTA - EUROPEAN GREEN PARTY - VERDI,CONSUELO LOLLOBRIGIDA
EUROPA VERDE ECOLOGISTA - EUROPEAN GREEN PARTY - VERDI,PAOLO DE LUCA
EUROPA VERDE ECOLOGISTA - EUROPEAN GREEN PARTY - VERDI,TAMARA MASSARI
EUROPA VERDE ECOLOGISTA - EUROPEAN GREEN PARTY - VERDI,GIORGIO FABRETTI
EUROPA VERDE ECOLOGISTA - EUROPEAN GREEN PARTY - VERDI,ROBERTO GENTILE
EUROPA VERDE ECOLOGISTA - EUROPEAN GREEN PARTY - VERDI,FEDERICA PROIETTI
EUROPA VERDE ECOLOGISTA - EUROPEAN GREEN PARTY - VERDI,GIANDANIELE GIAMPAOLI
EUROPA VERDE ECOLOGISTA - EUROPEAN GREEN PARTY - VERDI,GIORGIA TARTAGLIA
EUROPA VERDE ECOLOGISTA - EUROPEAN GREEN PARTY - VERDI,ALESSANDRO LEPRE GNERRE
EUROPA VERDE ECOLOGISTA - EUROPEAN GREEN PARTY - VERDI,FRANCESCA TURCHI
EUROPA VERDE ECOLOGISTA - EUROPEAN GREEN PARTY - VERDI,EMANUELE MORGILLO
EUROPA VERDE ECOLOGISTA - EUROPEAN GREEN PARTY - VERDI,VITTORIO PAVONCELLO
EUROPA VERDE ECOLOGISTA - EUROPEAN GREEN PARTY - VERDI,CLAUDIO STRINA APPOLLONI
EUROPA VERDE ECOLOGISTA - EUROPEAN GREEN PARTY - VERDI,SAVERIO TRAMONTANA
EUROPA VERDE ECOLOGISTA - EUROPEAN GREEN PARTY - VERDI,CRISTINA ZADRO
LISTA CIVICA MICHETTI SINDACO,ARNALDO ACQUARELLI
LISTA CIVICA MICHETTI SINDACO,FRANCESCA ARTEGIANI
LISTA CIVICA MICHETTI SINDACO,FRANCESCA BENEVENTO
LISTA CIVICA MICHETTI SINDACO,ALESSANDRO BRACCIONI
LISTA CIVICA MICHETTI SINDACO,MARIO BROZZI
LISTA CIVICA MICHETTI SINDACO,PAOLA BRUNI
LISTA CIVICA MICHETTI SINDACO,COSIMA CARBUTTI
LISTA CIVICA MICHETTI SINDACO,SILVIA CERVI
LISTA CIVICA MICHETTI SINDACO,ANTONIO CIRIANI
LISTA CIVICA MICHETTI SINDACO,MARIO D'AMBROSIO
LISTA CIVICA MICHETTI SINDACO,SABRINA DAMILANO
LISTA CIVICA MICHETTI SINDACO,FEDERICO DE BENEDICTIS GENNARI
LISTA CIVICA MICHETTI SINDACO,ANTONIO DE NAPOLI
LISTA CIVICA MICHETTI SINDACO,ANTONIO FORTUNATO DEL GRECO
LISTA CIVICA MICHETTI SINDACO,ANTONIO DI CARLO
LISTA CIVICA MICHETTI SINDACO,DANIELA DI CORATO
LISTA CIVICA MICHETTI SINDACO,LUCA EUSEPI
LISTA CIVICA MICHETTI SINDACO,ALESSIO FIORILLO
LISTA CIVICA MICHETTI SINDACO,EDOARDO MARIA FRANZA
LISTA CIVICA MICHETTI SINDACO,MANUELA MARIA GAROFALO PICA
LISTA CIVICA MICHETTI SINDACO,SILVIO GHERARDI
LISTA CIVICA MICHETTI SINDACO,ANGELO ADAMO GREGUCCI
LISTA CIVICA MICHETTI SINDACO,GIANLUCA GRIMALDI
LISTA CIVICA MICHETTI SINDACO,FRANCESCO INNOCENTI
LISTA CIVICA MICHETTI SINDACO,BENEDETTO MANCINI
LISTA CIVICA MICHETTI SINDACO,MANFREDI MARIA GRANESE
LISTA CIVICA MICHETTI SINDACO,LUIGI MARCELLI
LISTA CIVICA MICHETTI SINDACO,MICHELE MARINO
LISTA CIVICA MICHETTI SINDACO,MARIO MATTIOLI
LISTA CIVICA MICHETTI SINDACO,ELEONORA NICLA MOIRAGHI
LISTA CIVICA MICHETTI SINDACO,PATRIZIA MOSCATELLI
LISTA CIVICA MICHETTI SINDACO,ILARIA NICOLOSI
LISTA CIVICA MICHETTI SINDACO,ORLANDO MICHELE ENRICO PANICCIA
LISTA CIVICA MICHETTI SINDACO,FRANCO PIPPO
LISTA CIVICA MICHETTI SINDACO,VALERIA PISTILLI
LISTA CIVICA MICHETTI SINDACO,DANIELA PUCELLO
LISTA CIVICA MICHETTI SINDACO,CINZIA ROCCO
LISTA CIVICA MICHETTI SINDACO,DOMENICO ROSSI
LISTA CIVICA MICHETTI SINDACO,ANNAMARIA SCARINCI
LISTA CIVICA MICHETTI SINDACO,RODICA STREJA
LISTA CIVICA MICHETTI SINDACO,ALFREDO TOMA
LISTA CIVICA MICHETTI SINDACO,CATIA TOSTI
LISTA CIVICA MICHETTI SINDACO,RACHELE TROIANI
LISTA CIVICA MICHETTI SINDACO,MARIA GRAZIA VENEZIANI
LISTA CIVICA MICHETTI SINDACO,GIOVANNI VILLAROSA
LISTA CIVICA MICHETTI SINDACO,GIUSEPPINA VOLUCELLO
PD PARTITO DEMOCRATICO,SABRINA ALFONSI
PD PARTITO DEMOCRATICO,UBALDO RIGHETTI
PD PARTITO DEMOCRATICO,STEFANO MARONGIU
PD PARTITO DEMOCRATICO,ANDREA ALEMANNI
PD PARTITO DEMOCRATICO,MARIANO ANGELUCCI
PD PARTITO DEMOCRATICO,VALERIA BAGLIO
PD PARTITO DEMOCRATICO,PIETRO VITTORIO BARBIERI
PD PARTITO DEMOCRATICO,ERICA BATTAGLIA
PD PARTITO DEMOCRATICO,MARIA ANGELA BUFALINO
PD PARTITO DEMOCRATICO,GIORGIO RAFFAELE CALVI
PD PARTITO DEMOCRATICO,SVETLANA CELLI
PD PARTITO DEMOCRATICO,ANTONIO CIANCIO
PD PARTITO DEMOCRATICO,JULIAN COLABELLO
PD PARTITO DEMOCRATICO,NELLA CONVERTI
PD PARTITO DEMOCRATICO,RICCARDO CORBUCCI
PD PARTITO DEMOCRATICO,GIOVANNI CRISANTI
PD PARTITO DEMOCRATICO,MASSIMO DE SIMONI
PD PARTITO DEMOCRATICO,CARLA CONSUELO FERMARIELLO
PD PARTITO DEMOCRATICO,EDMOND GODO
PD PARTITO DEMOCRATICO,ELEONORA GRIMALDI
PD PARTITO DEMOCRATICO,Lucia Lidia GUZMAN
PD PARTITO DEMOCRATICO,ALESSANDRO LEPIDINI
PD PARTITO DEMOCRATICO,YIFAN LIN
PD PARTITO DEMOCRATICO,DARIO MARCUCCI
PD PARTITO DEMOCRATICO,LORENZO MARINONE
PD PARTITO DEMOCRATICO,ANTONELLA MELITO
PD PARTITO DEMOCRATICO,GIORGIO MEZZAPESA
PD PARTITO DEMOCRATICO,CRISTINA MICHETELLI
PD PARTITO DEMOCRATICO,MONICA MORICONI
PD PARTITO DEMOCRATICO,GIAMMARCO PALMIERI
PD PARTITO DEMOCRATICO,CLAUDIA PAPPATA'
PD PARTITO DEMOCRATICO,CLAUDIO PARAVATI
PD PARTITO DEMOCRATICO,DANIELE PARRUCCI
PD PARTITO DEMOCRATICO,GABRIELLA PERSILI
PD PARTITO DEMOCRATICO,ILARIA PICCOLO
PD PARTITO DEMOCRATICO,FLAVIA RESTIVO
PD PARTITO DEMOCRATICO,MARCO ROSSI
PD PARTITO DEMOCRATICO,FABRIZIO RUFO
PD PARTITO DEMOCRATICO,PIERO SANDULLI
PD PARTITO DEMOCRATICO,ANTONIO STAMPETE
PD PARTITO DEMOCRATICO,ROCCO STELITANO
PD PARTITO DEMOCRATICO,VALERICA TARCA
PD PARTITO DEMOCRATICO,GIULIA TEMPESTA
PD PARTITO DEMOCRATICO,OLIMPIA TROILI
PD PARTITO DEMOCRATICO,YURI TROMBETTI
PD PARTITO DEMOCRATICO,MAURIZIO VELOCCIA
PD PARTITO DEMOCRATICO,QAMAR ZAMAN
PD PARTITO DEMOCRATICO,GIOVANNI ZANNOLA
CALENDA SINDACO,ANNALISA SCARNERA
CALENDA SINDACO,FLAVIA DE GREGORIO
CALENDA SINDACO,DARIO NANNI
CALENDA SINDACO,FRANCESCO FILIPPO CARPANO
CALENDA SINDACO,VALERIO CASINI
CALENDA SINDACO,FRANCESCA LEONCINI
CALENDA SINDACO,ANDREA MASSARONI
CALENDA SINDACO,RITA DI SANO
CALENDA SINDACO,LUIGIA LUCIANI
CALENDA SINDACO,PERLA NAHUM
CALENDA SINDACO,ALESSANDRO GERALDINI
CALENDA SINDACO,ROSARIA MARINO
CALENDA SINDACO,TAMARA BORGHINI
CALENDA SINDACO,CLAUDIO SISTO
CALENDA SINDACO,ANTONIETTA COREA
CALENDA SINDACO,SABRI SHAMSAN HASSAN
CALENDA SINDACO,GIUSEPPE SARDONE
CALENDA SINDACO,LINO IULIANO
CALENDA SINDACO,PIETRO MADONIA
CALENDA SINDACO,MARIA RITA IORIO
CALENDA SINDACO,GIOVANNA MARCHESE
CALENDA SINDACO,FLAVIO RONZI
CALENDA SINDACO,CECILIA FRIELINGSDORF
CALENDA SINDACO,GIUSEPPE PALONI
CALENDA SINDACO,EMANUELE PINELLI
CALENDA SINDACO,CESARE GRECO
CALENDA SINDACO,ZORA MIKULICIN
CALENDA SINDACO,ANGELO MANTINI
CALENDA SINDACO,ELISABETTA BIONDI
CALENDA SINDACO,NICOLA BIANCHI
CALENDA SINDACO,PAOLO BALICE
CALENDA SINDACO,CARMEN LAVINIA ORBULESCU
CALENDA SINDACO,MARCO BOZZETTI
CALENDA SINDACO,MARCO UCCIERO
CALENDA SINDACO,ROSSANA DI BIANCO
CALENDA SINDACO,VERONICA DONATI
CALENDA SINDACO,ANTONELLA DE MARIA
CALENDA SINDACO,ANDREA COLUCCI
CALENDA SINDACO,PAOLO MAZZOLI
CALENDA SINDACO,GIOVANNI MONTELLA
CALENDA SINDACO,CORINNA MARZI
CALENDA SINDACO,GIANLUIGI GORI
CALENDA SINDACO,MARTINA COLETTA
CALENDA SINDACO,BRUNO SCHIARAMAZZI
CALENDA SINDACO,ANNA MARIA DEL GATTO
CALENDA SINDACO,GIANCARLO PICCIONE
CALENDA SINDACO,CINZIA BARBARA BELLONE
PARTITO COMUNISTA MARCO RIZZO,MARIA NICOLETTA ALARI
PARTITO COMUNISTA MARCO RIZZO,ANTONELLA DI BIASE
PARTITO COMUNISTA MARCO RIZZO,FABRIZIO MARCHI
PARTITO COMUNISTA MARCO RIZZO,DORA CAVEZZA
PARTITO COMUNISTA MARCO RIZZO,CINZIA ARENA
PARTITO COMUNISTA MARCO RIZZO,CLAUDIA MOLLICA
PARTITO COMUNISTA MARCO RIZZO,CLAUDIO PELLEGRINI
PARTITO COMUNISTA MARCO RIZZO,DAMIANO GRISPO
PARTITO COMUNISTA MARCO RIZZO,DANILO BALLANTI
PARTITO COMUNISTA MARCO RIZZO,FEDERICO AMOROSO
PARTITO COMUNISTA MARCO RIZZO,FELICE DELL'ARMI
PARTITO COMUNISTA MARCO RIZZO,FIAMMETTA CERULLI
PARTITO COMUNISTA MARCO RIZZO,FRANCESCA MINGOZZI
PARTITO COMUNISTA MARCO RIZZO,FRANCO MELONI
PARTITO COMUNISTA MARCO RIZZO,GIAMPAOLO BELLUCCI
PARTITO COMUNISTA MARCO RIZZO,GIULIA CATINO
PARTITO COMUNISTA MARCO RIZZO,GIULIANA ROSATI
PARTITO COMUNISTA MARCO RIZZO,INGRID SATTEL
PARTITO COMUNISTA MARCO RIZZO,LAURA MONTECCHI
PARTITO COMUNISTA MARCO RIZZO,LAURA FRESU
PARTITO COMUNISTA MARCO RIZZO,LIZ GIULIANA ARCE ORTIZ
PARTITO COMUNISTA MARCO RIZZO,LOREDANA MASSARO
PARTITO COMUNISTA MARCO RIZZO,LORETO VALLUCCI
PARTITO COMUNISTA MARCO RIZZO,LUANA NATALE
PARTITO COMUNISTA MARCO RIZZO,LUCIA BENINI
PARTITO COMUNISTA MARCO RIZZO,MARCO CASTELLANO
PARTITO COMUNISTA MARCO RIZZO,MARCO PAPARELLA
PARTITO COMUNISTA MARCO RIZZO,MARCO BERTUCCELLI
PARTITO COMUNISTA MARCO RIZZO,MARIA CRISTINA GIUSTINIANI
PARTITO COMUNISTA MARCO RIZZO,MARTINA CHIAPPARELLI
PARTITO COMUNISTA MARCO RIZZO,MARZIA COLLEPICCOLO
PARTITO COMUNISTA MARCO RIZZO,MASSIMO OMBRES
PARTITO COMUNISTA MARCO RIZZO,MONICA SIGISMONDI
PARTITO COMUNISTA MARCO RIZZO,NICOLAS GABRIELLI
PARTITO COMUNISTA MARCO RIZZO,PAOLA TENTI
PARTITO COMUNISTA MARCO RIZZO,PASQUALE BELMONTE
PARTITO COMUNISTA MARCO RIZZO,PIETRO FIOCCHI
PARTITO COMUNISTA MARCO RIZZO,ROBERTO GENTILI
PARTITO COMUNISTA MARCO RIZZO,ROBERTO STIVALA
PARTITO COMUNISTA MARCO RIZZO,ROMINA BETTI
PARTITO COMUNISTA MARCO RIZZO,SONIA MUZZI
PARTITO COMUNISTA MARCO RIZZO,STEFANIA VASSURA
PARTITO COMUNISTA MARCO RIZZO,STEFANO CIPOLLA
PARTITO COMUNISTA MARCO RIZZO,STEFANO PANICCI
PARTITO COMUNISTA MARCO RIZZO,VALENTINA LEONELLI
PARTITO COMUNISTA MARCO RIZZO,VLADIMIRO D'ANGELO
POTERE AL POPOLO,SERGIO CARARO
POTERE AL POPOLO,MARGHERITA CANTELLI
POTERE AL POPOLO,MICHELANGELO GIGLIO
POTERE AL POPOLO,BIANCA HAYDEE CLEMENTE
POTERE AL POPOLO,FABIO GRIMALDI
POTERE AL POPOLO,DANIELA SANTINI
POTERE AL POPOLO,GIORGIO SQUILLONI
POTERE AL POPOLO,NORMA RAY FRANCO
POTERE AL POPOLO,EMILIANO TODERO
POTERE AL POPOLO,BEATRICE GAMBERINI
POTERE AL POPOLO,DAVIDE ANGELILLI
POTERE AL POPOLO,STEFANIA ALESSANDRINI
POTERE AL POPOLO,PAOLO BADALI'
POTERE AL POPOLO,ELETTRA LUNA LUCASSEN
POTERE AL POPOLO,FLAVIO BELLONE
POTERE AL POPOLO,ALESSANDRA BAIOCCHI
POTERE AL POPOLO,SEBASTIANO BERGAMO
POTERE AL POPOLO,ANGELA BARONE
POTERE AL POPOLO,PAOLO BURANI
POTERE AL POPOLO,BARBARA CACCHIONE
POTERE AL POPOLO,DOMENICO CALDERONI
POTERE AL POPOLO,MARIA ANTONIETTA DE GUIDO
POTERE AL POPOLO,ROBERTO CHIARELLI
POTERE AL POPOLO,CHIARA DE MARCHIS
POTERE AL POPOLO,MASSIMO CIPOLLONI
POTERE AL POPOLO,ELISA DELLA LIBERA
POTERE AL POPOLO,PAOLO D'ANSELMO
POTERE AL POPOLO,FRANCESCO DELLA VOLPE
POTERE AL POPOLO,AURA GHEZZI
POTERE AL POPOLO,ANIELLO DE VITA
POTERE AL POPOLO,FRANCESCA LINI
POTERE AL POPOLO,GIORDANO FUSA'
POTERE AL POPOLO,LORENZA MASI
POTERE AL POPOLO,MASSIMO GARZIA
POTERE AL POPOLO,FRANCESCA PULICE
POTERE AL POPOLO,LUDOVICA SPINOLA
POTERE AL POPOLO,GABRIELE LUPO
POTERE AL POPOLO,LORENZO MASTROCESARE
POTERE AL POPOLO,MASSIMO MONDELLI
POTERE AL POPOLO,PASQUALE NAPPO
POTERE AL POPOLO,TERESA ADAMO
POTERE AL POPOLO,FRANCESCO ROSSI
POTERE AL POPOLO,MATTIA SANTANDREA
POTERE AL POPOLO,FRANCESCO SCHETTINO
POTERE AL POPOLO,CLAUDIO SOCCI
POTERE AL POPOLO,CLAUDIO STAMEGNA
POTERE AL POPOLO,MICHELANGELO TRONTI
FIGLI D'ITALIA BAMBINI NEL MONDO CARLO PRIOLO SINDACO,GIADA GIUNTI
FIGLI D'ITALIA BAMBINI NEL MONDO CARLO PRIOLO SINDACO,GIUSEPPE PINO
FIGLI D'ITALIA BAMBINI NEL MONDO CARLO PRIOLO SINDACO,ROBERTA SIBAUD
FIGLI D'ITALIA BAMBINI NEL MONDO CARLO PRIOLO SINDACO,CARMELO D'ASERO
FIGLI D'ITALIA BAMBINI NEL MONDO CARLO PRIOLO SINDACO,VALENTINA ACCARDI
FIGLI D'ITALIA BAMBINI NEL MONDO CARLO PRIOLO SINDACO,MARINA LIBERATORI
FIGLI D'ITALIA BAMBINI NEL MONDO CARLO PRIOLO SINDACO,ANTONELLA SCARLI
FIGLI D'ITALIA BAMBINI NEL MONDO CARLO PRIOLO SINDACO,ALESSANDRO CARLONE
FIGLI D'ITALIA BAMBINI NEL MONDO CARLO PRIOLO SINDACO,ESTER BIANCHINI CIAMPOLI
FIGLI D'ITALIA BAMBINI NEL MONDO CARLO PRIOLO SINDACO,MAURIZIO ACCARDI
FIGLI D'ITALIA BAMBINI NEL MONDO CARLO PRIOLO SINDACO,LIVIA BIANCHINI CIAMPOLI
FIGLI D'ITALIA BAMBINI NEL MONDO CARLO PRIOLO SINDACO,ATTILIO RANZANI
FIGLI D'ITALIA BAMBINI NEL MONDO CARLO PRIOLO SINDACO,DANIELA MAGGI
FIGLI D'ITALIA BAMBINI NEL MONDO CARLO PRIOLO SINDACO,LUIGI MAGGI
FIGLI D'ITALIA BAMBINI NEL MONDO CARLO PRIOLO SINDACO,LUIGI ZANGARI
FIGLI D'ITALIA BAMBINI NEL MONDO CARLO PRIOLO SINDACO,TERESA SQUEGLIA
FIGLI D'ITALIA BAMBINI NEL MONDO CARLO PRIOLO SINDACO,ANDREA RANZANI
FIGLI D'ITALIA BAMBINI NEL MONDO CARLO PRIOLO SINDACO,ROBERTO CARLONE
FIGLI D'ITALIA BAMBINI NEL MONDO CARLO PRIOLO SINDACO,MARIA GRAZIA LEPRONI
FIGLI D'ITALIA BAMBINI NEL MONDO CARLO PRIOLO SINDACO,STEFANO MELONI
FIGLI D'ITALIA BAMBINI NEL MONDO CARLO PRIOLO SINDACO,MELISSA TESEI
FIGLI D'ITALIA BAMBINI NEL MONDO CARLO PRIOLO SINDACO,SIMONETTA VALLETTA
FIGLI D'ITALIA BAMBINI NEL MONDO CARLO PRIOLO SINDACO,FRANCESCO BONGIOVANNI
FIGLI D'ITALIA BAMBINI NEL MONDO CARLO PRIOLO SINDACO,FRANCESCA CARLONE
FIGLI D'ITALIA BAMBINI NEL MONDO CARLO PRIOLO SINDACO,GIANLUCA MICARELLI
FIGLI D'ITALIA BAMBINI NEL MONDO CARLO PRIOLO SINDACO,MARIA SOFIA CASONI
FIGLI D'ITALIA BAMBINI NEL MONDO CARLO PRIOLO SINDACO,LUCIANO LAPUCCI
FIGLI D'ITALIA BAMBINI NEL MONDO CARLO PRIOLO SINDACO,ELEONORA PINO
FIGLI D'ITALIA BAMBINI NEL MONDO CARLO PRIOLO SINDACO,AURORA SCHIAVON
FIGLI D'ITALIA BAMBINI NEL MONDO CARLO PRIOLO SINDACO,MARCO MARZIALI
FIGLI D'ITALIA BAMBINI NEL MONDO CARLO PRIOLO SINDACO,TIZIANA TEODOSIO
FIGLI D'ITALIA BAMBINI NEL MONDO CARLO PRIOLO SINDACO,GIANMARCO PIROLA
FIGLI D'ITALIA BAMBINI NEL MONDO CARLO PRIOLO SINDACO,SABRINA NONNE
MOVIMENTO STORICO ROMANO LISTA NERONE,GIANCARLO CARLONE
MOVIMENTO STORICO ROMANO LISTA NERONE,PIERLUIGI MARIA CARTONI
MOVIMENTO STORICO ROMANO LISTA NERONE,CLAUDIO ANGELINI
MOVIMENTO STORICO ROMANO LISTA NERONE,NICOLETTA BORSEI
MOVIMENTO STORICO ROMANO LISTA NERONE,ANGELO ABRUZZETTI
MOVIMENTO STORICO ROMANO LISTA NERONE,BARBARA KATARZYNA BODNAR
MOVIMENTO STORICO ROMANO LISTA NERONE,ALESSANDRO BARNABA
MOVIMENTO STORICO ROMANO LISTA NERONE,CARLO CARLI
MOVIMENTO STORICO ROMANO LISTA NERONE,NATALINA BELELLI
MOVIMENTO STORICO ROMANO LISTA NERONE,MARIATERESA BIFULCO
MOVIMENTO STORICO ROMANO LISTA NERONE,RENATO BRUNI
MOVIMENTO STORICO ROMANO LISTA NERONE,STEFANO CASINI
MOVIMENTO STORICO ROMANO LISTA NERONE,CARMELO CATANZARO
MOVIMENTO STORICO ROMANO LISTA NERONE,GABRIELE CIPRIANI
MOVIMENTO STORICO ROMANO LISTA NERONE,GIAMMARINO MAURILIO COLNAGO
MOVIMENTO STORICO ROMANO LISTA NERONE,MARIA GRAZIA CREA
MOVIMENTO STORICO ROMANO LISTA NERONE,ALISIA DI MICHELE
MOVIMENTO STORICO ROMANO LISTA NERONE,ROBERTA DIASPRO
MOVIMENTO STORICO ROMANO LISTA NERONE,ALESSANDRO FATICONI
MOVIMENTO STORICO ROMANO LISTA NERONE,ORAZIO FERGNANI
MOVIMENTO STORICO ROMANO LISTA NERONE,TIZIANA FINA
MOVIMENTO STORICO ROMANO LISTA NERONE,MICHELE FORGIONE
MOVIMENTO STORICO ROMANO LISTA NERONE,SERENA IACOMONI
MOVIMENTO STORICO ROMANO LISTA NERONE,MARIA RITA LEONARDI
MOVIMENTO STORICO ROMANO LISTA NERONE,NAZZARIO LETI MAGGIO
MOVIMENTO STORICO ROMANO LISTA NERONE,LUCIANA LUCIANI
MOVIMENTO STORICO ROMANO LISTA NERONE,VERENA LUTHI
MOVIMENTO STORICO ROMANO LISTA NERONE,FLUTURA MALOKU
MOVIMENTO STORICO ROMANO LISTA NERONE,TOSHKA MARINOVA MARINOVA
MOVIMENTO STORICO ROMANO LISTA NERONE,SERAFINO MAURO
MOVIMENTO STORICO ROMANO LISTA NERONE,RAFFAELE MAZZAFERRI
MOVIMENTO STORICO ROMANO LISTA NERONE,TATIANA MELARAGNI
MOVIMENTO STORICO ROMANO LISTA NERONE,PIETRO NOTARGIOVANNI
MOVIMENTO STORICO ROMANO LISTA NERONE,MARIA VERONICA OROFINO
MOVIMENTO STORICO ROMANO LISTA NERONE,SERENA PICCOLOMINI
MOVIMENTO STORICO ROMANO LISTA NERONE,ANDREA POLI
MOVIMENTO STORICO ROMANO LISTA NERONE,CARLO POMPA
MOVIMENTO STORICO ROMANO LISTA NERONE,FABIO SANTINI
MOVIMENTO STORICO ROMANO LISTA NERONE,MASSIMILIANO SCARINGELLA
MOVIMENTO STORICO ROMANO LISTA NERONE,CLAUDIA SERAFINI
MOVIMENTO STORICO ROMANO LISTA NERONE,DRAGANA SPASIC
MOVIMENTO STORICO ROMANO LISTA NERONE,LUCA SPERANZA
MOVIMENTO STORICO ROMANO LISTA NERONE,GIUSEPPE TURRISI
MOVIMENTO STORICO ROMANO LISTA NERONE,VAHED MASSIHI VARTANIAN
MOVIMENTO STORICO ROMANO LISTA NERONE,FABRIZIO VIGGI
MOVIMENTO STORICO ROMANO LISTA NERONE,VIRGILIO VIOLO
MOVIMENTO STORICO ROMANO LISTA NERONE,ROSSANO VISDOMINI
MOVIMENTO STORICO ROMANO LISTA NERONE,GIORGIO VITALI
REVOLUZIONE CIVICA,CRISTINA LEO
REVOLUZIONE CIVICA,PIERO ACCOTO
REVOLUZIONE CIVICA,ELENA DE SANTIS
REVOLUZIONE CIVICA,ANTONIO PRINCIPATO
REVOLUZIONE CIVICA,LUIGI VAUDO
REVOLUZIONE CIVICA,MARIA AGNESE CATINI
REVOLUZIONE CIVICA,ELIGERT HIMA
REVOLUZIONE CIVICA,VANESSA ROSSI
REVOLUZIONE CIVICA,ALESSANDRO PIRRONE
REVOLUZIONE CIVICA,EMILIANO GIOIA
REVOLUZIONE CIVICA,MELISSA VIDETTA
REVOLUZIONE CIVICA,GIANCARLO D'ANDREA
REVOLUZIONE CIVICA,ALESSANDRO BUCCI
REVOLUZIONE CIVICA,GIULIA BOTTONI
REVOLUZIONE CIVICA,MIRKO CHIAPPERINO
REVOLUZIONE CIVICA,MARIA CHIARA PETRASSI
REVOLUZIONE CIVICA,REMO BATOG
REVOLUZIONE CIVICA,NICOLA CAPRERA
REVOLUZIONE CIVICA,PAOLO D'AMBROSIO
REVOLUZIONE CIVICA,ANGELA TRIPPUTI
REVOLUZIONE CIVICA,LORENZO NATALUCCI
REVOLUZIONE CIVICA,LUIGI GRUTTADAURIA
REVOLUZIONE CIVICA,ELISA PILATO
REVOLUZIONE CIVICA,MARCO CANDIGLIOTA
REVOLUZIONE CIVICA,CLAUDIA DE CHIARA
REVOLUZIONE CIVICA,GIOELE LAVALLE
REVOLUZIONE CIVICA,PANTALEO MARRANI
REVOLUZIONE CIVICA,CLAUDIA NASTRUCCI
REVOLUZIONE CIVICA,LAURA D'ALESSANDRO
REVOLUZIONE CIVICA,ALESSANDRO TAMBURLANI
REVOLUZIONE CIVICA,CRISTIANO TERRANOVA
REVOLUZIONE CIVICA,JOSAFAT DE MARIA
REVOLUZIONE CIVICA,GIANMARCO DOMINICI
REVOLUZIONE CIVICA,SALVATORE CANNONE
REVOLUZIONE CIVICA,FRANCESCO CAPPELLA
REVOLUZIONE CIVICA,Cecilia SALAICES
REVOLUZIONE CIVICA,CAMILLA COLLALTI
REVOLUZIONE CIVICA,CORRADO CERRONI
REVOLUZIONE CIVICA,LUCA CASANTINI
REVOLUZIONE CIVICA,SIMONE BIAGIONI
REVOLUZIONE CIVICA,ANDREA BONANNI
REVOLUZIONE CIVICA,ZUMANA MAHMUD
REVOLUZIONE CIVICA,STEFANO RINALDI
REVOLUZIONE CIVICA,MASSIMILIANO GRANIERI
REVOLUZIONE CIVICA,SARA IANNELLO
REVOLUZIONE CIVICA,MASSIMO CENTI
REVOLUZIONE CIVICA,EDOARDO RINALDI
REVOLUZIONE CIVICA,SIMONE GALUPPI
RICONQUISTARE L'ITALIA,NINO DI CICCO
RICONQUISTARE L'ITALIA,CLAUDIA VERGELLA
RICONQUISTARE L'ITALIA,FEDERICO MUSSO
RICONQUISTARE L'ITALIA,ALESSANDRA CONTIGIANI
RICONQUISTARE L'ITALIA,MONICA NATALI
RICONQUISTARE L'ITALIA,GIUSEPPINA LAUDONI
RICONQUISTARE L'ITALIA,EMILIANO ALFEDI
RICONQUISTARE L'ITALIA,GIAN CARLO ANTONELLI
RICONQUISTARE L'ITALIA,RICCARDO BENISIO
RICONQUISTARE L'ITALIA,LUCA BENNATI
RICONQUISTARE L'ITALIA,LAURA CAMPAGNA
RICONQUISTARE L'ITALIA,GUIDO CARLOMAGNO
RICONQUISTARE L'ITALIA,SIMONA CARLOPPI
RICONQUISTARE L'ITALIA,SIMONE CHECCHI
RICONQUISTARE L'ITALIA,LOREDANA CIMINO
RICONQUISTARE L'ITALIA,CECILIA CLEMENTI
RICONQUISTARE L'ITALIA,MARZIA COLITTI
RICONQUISTARE L'ITALIA,GIOVANNA CORICCIATI
RICONQUISTARE L'ITALIA,MATTEO D'AMMORA
RICONQUISTARE L'ITALIA,FLAMINIA DE PINTO
RICONQUISTARE L'ITALIA,MARCO DI CROCE
RICONQUISTARE L'ITALIA,ADRIANO DRAGOTTA
RICONQUISTARE L'ITALIA,PAOLO LUCIO FANELLI
RICONQUISTARE L'ITALIA,ORAZIO FIDERIO
RICONQUISTARE L'ITALIA,LUCA FONTANA
RICONQUISTARE L'ITALIA,FEDERICO FRACASSI
RICONQUISTARE L'ITALIA,CLAUDIO GORI
RICONQUISTARE L'ITALIA,STEFANO GROSSI
RICONQUISTARE L'ITALIA,ENRICO IAPOCE
RICONQUISTARE L'ITALIA,GABRIELE LAGO
RICONQUISTARE L'ITALIA,ANNALISA MARCOZZI
RICONQUISTARE L'ITALIA,LUCA PACIOTTI
RICONQUISTARE L'ITALIA,MASSIMO PAGLIA
RICONQUISTARE L'ITALIA,ALESSANDRO PATRIZI
RICONQUISTARE L'ITALIA,SIMONE REVELLI
RICONQUISTARE L'ITALIA,ANDREA RIACA'
RICONQUISTARE L'ITALIA,VALERIO RIGA
RICONQUISTARE L'ITALIA,MARINELLA SALA
RICONQUISTARE L'ITALIA,MICHELE TAMBORRA
RICONQUISTARE L'ITALIA,MARIA ROSARIA TEDESCHI
RICONQUISTARE L'ITALIA,MARIA CRISTIANO
RICONQUISTARE L'ITALIA,DANIELA FRANCIOSI
RICONQUISTARE L'ITALIA,AGATA ANNA GIANNELLI
LIBERISTI ITALIANI,ALESSANDRO ONOFRI
LIBERISTI ITALIANI,ALESSANDRA BALDASSARI
LIBERISTI ITALIANI,BARBARA BERNAUDO
LIBERISTI ITALIANI,STEFANO BERRUTI
LIBERISTI ITALIANI,EMANUELA BONFILI
LIBERISTI ITALIANI,CLAUDIA CANINI
LIBERISTI ITALIANI,CRISTIANA CARDARELLI
LIBERISTI ITALIANI,LINDA CARLUCCI
LIBERISTI ITALIANI,SONIA COSTANTINI
LIBERISTI ITALIANI,SIMONE COZZI
LIBERISTI ITALIANI,ELISABETTA CROSTI
LIBERISTI ITALIANI,FEDERICA CUPELLO
LIBERISTI ITALIANI,ANDREA DE ANGELIS
LIBERISTI ITALIANI,EMILIO DE SANCTIS
LIBERISTI ITALIANI,IVANA DEL ROSSO
LIBERISTI ITALIANI,MASSIMO DEL TURCO
LIBERISTI ITALIANI,EMANUELE DI VERIO
LIBERISTI ITALIANI,FULVIO DIANA
LIBERISTI ITALIANI,FRANCESCO FALZETTI
LIBERISTI ITALIANI,LUISA GAVOTTI
LIBERISTI ITALIANI,FRANCESCO SAVERIO GAZZETTI
LIBERISTI ITALIANI,ELISABETTA GIAGNORIO
LIBERISTI ITALIANI,LUCA GIRALDI
LIBERISTI ITALIANI,GIULIA GOTTI LEGA
LIBERISTI ITALIANI,SIMONA IMPALA'
LIBERISTI ITALIANI,ALESSANDRO KOVACICH
LIBERISTI ITALIANI,ENRICO MARINONI
LIBERISTI ITALIANI,ANTONIO MARZANO
LIBERISTI ITALIANI,MAURO MOSSA
LIBERISTI ITALIANI,SIMONA PANTANO
LIBERISTI ITALIANI,ALBERTO PARAVIA
LIBERISTI ITALIANI,GIUSEPPINA PESCE
LIBERISTI ITALIANI,MATTEO PORFILI
LIBERISTI ITALIANI,CORRADO RABBIA
LIBERISTI ITALIANI,MARCO RANDAZZO
LIBERISTI ITALIANI,FEDERICO ROSSI MONTECUCCOLI
LIBERISTI ITALIANI,RAFFAELE ROSSI
LIBERISTI ITALIANI,MARIO SABBATINI
LIBERISTI ITALIANI,PAOLA SCROFANA
LIBERISTI ITALIANI,RICCARDO SERI
LIBERISTI ITALIANI,IGNAZIO SILLITTI
LIBERISTI ITALIANI,GIOVANNI SINIBALDI
LIBERISTI ITALIANI,CRISTINA SPARVIERI
LIBERISTI ITALIANI,VITTORIO MICHELE STIGLIANI
LIBERISTI ITALIANI,FABIO TIDEI
LIBERISTI ITALIANI,PIETRO VERDECCHIA
LIBERISTI ITALIANI,DIEGO ZANDEL
LEGA SALVINI PREMIER,SIMONETTA MATONE
LEGA SALVINI PREMIER,DAVIDE BORDONI
LEGA SALVINI PREMIER,MAURIZIO POLITI
LEGA SALVINI PREMIER,SIMONA RENATA BALDASSARRE
LEGA SALVINI PREMIER,SARA DE ANGELIS
LEGA SALVINI PREMIER,BARBARA SALTAMARTINI
LEGA SALVINI PREMIER,FABRIZIO SANTORI
LEGA SALVINI PREMIER,DARIO ROSSIN
LEGA SALVINI PREMIER,FLAVIA ANELLI
LEGA SALVINI PREMIER,MARIA BEATRICE BALDINI
LEGA SALVINI PREMIER,ELEONORA BATTESTINI
LEGA SALVINI PREMIER,VALENTINA BERTOCCI
LEGA SALVINI PREMIER,FLAVIA CERQUONI
LEGA SALVINI PREMIER,CONCETTA CINQUE
LEGA SALVINI PREMIER,DARIO COCCO
LEGA SALVINI PREMIER,RICCARDO CORSETTO
LEGA SALVINI PREMIER,RAFFAELE CRESTA
LEGA SALVINI PREMIER,IRENE DENIPOTI
LEGA SALVINI PREMIER,ANGELA DE ROCCIS
LEGA SALVINI PREMIER,ENRICO FABBRO
LEGA SALVINI PREMIER,MARCO FEDELE
LEGA SALVINI PREMIER,MANLIO FELICI
LEGA SALVINI PREMIER,MAURO FERRI
LEGA SALVINI PREMIER,STEFANO FORTUNATO
LEGA SALVINI PREMIER,DANIELA GASPERINI
LEGA SALVINI PREMIER,EDOARDO GRANAI
LEGA SALVINI PREMIER,GIOVANNA GRECO
LEGA SALVINI PREMIER,EMANUELE LATAGLIATA
LEGA SALVINI PREMIER,ANTONIETTA LAZZARUOLO
LEGA SALVINI PREMIER,ANGELA LEONARDI
LEGA SALVINI PREMIER,CARMEN LORUSSO
LEGA SALVINI PREMIER,CATIA MAIETTA
LEGA SALVINI PREMIER,MAURO MAINARDI
LEGA SALVINI PREMIER,MAURIZIO MANCINI
LEGA SALVINI PREMIER,GIUSEPPA MANGIO'
LEGA SALVINI PREMIER,MICHEL EMI MARITATO
LEGA SALVINI PREMIER,FEDERICA MATTEI
LEGA SALVINI PREMIER,MASSIMO MATTIA
LEGA SALVINI PREMIER,BARBARA NOBILI
LEGA SALVINI PREMIER,ELISA PADOVANI
LEGA SALVINI PREMIER,FERNANDO POTASSO
LEGA SALVINI PREMIER,MAURIZIO RAPONI
LEGA SALVINI PREMIER,SANDRO SASSOLI
LEGA SALVINI PREMIER,ALBERTA SESTITO
LEGA SALVINI PREMIER,MARTIN STEIN
LEGA SALVINI PREMIER,TERESA TORRE
LEGA SALVINI PREMIER,EFREM ANGELO VALERIANI
LEGA SALVINI PREMIER,LUIGI ZACCARIA
FORZA ITALIA - BERLUSCONI PER MICHETTI - LIBERTAS - UNIONE,MARIA SPENA
FORZA ITALIA - BERLUSCONI PER MICHETTI - LIBERTAS - UNIONE,CRISTINA ANTAL
FORZA ITALIA - BERLUSCONI PER MICHETTI - LIBERTAS - UNIONE,ANDREEA ARNAUTU
FORZA ITALIA - BERLUSCONI PER MICHETTI - LIBERTAS - UNIONE,MAURIZIO BARCA
FORZA ITALIA - BERLUSCONI PER MICHETTI - LIBERTAS - UNIONE,ROCCO BELFRONTE
FORZA ITALIA - BERLUSCONI PER MICHETTI - LIBERTAS - UNIONE,SILVIO BELLANO
FORZA ITALIA - BERLUSCONI PER MICHETTI - LIBERTAS - UNIONE,MARCO BORRANI
FORZA ITALIA - BERLUSCONI PER MICHETTI - LIBERTAS - UNIONE,STEFANIA CACCIANI
FORZA ITALIA - BERLUSCONI PER MICHETTI - LIBERTAS - UNIONE,MARIA CAPOZZA
FORZA ITALIA - BERLUSCONI PER MICHETTI - LIBERTAS - UNIONE,LUCIANA CARDI
FORZA ITALIA - BERLUSCONI PER MICHETTI - LIBERTAS - UNIONE,VINCENZO CASTELLANO
FORZA ITALIA - BERLUSCONI PER MICHETTI - LIBERTAS - UNIONE,MATILDE CINTI
FORZA ITALIA - BERLUSCONI PER MICHETTI - LIBERTAS - UNIONE,LAURA CLAUDICANTE
FORZA ITALIA - BERLUSCONI PER MICHETTI - LIBERTAS - UNIONE,FABIO CUOMO
FORZA ITALIA - BERLUSCONI PER MICHETTI - LIBERTAS - UNIONE,MARIA TERESA DE FAZIO
FORZA ITALIA - BERLUSCONI PER MICHETTI - LIBERTAS - UNIONE,MARCELLO DE VITO
FORZA ITALIA - BERLUSCONI PER MICHETTI - LIBERTAS - UNIONE,MARIA DIMASI
FORZA ITALIA - BERLUSCONI PER MICHETTI - LIBERTAS - UNIONE,MARCO DI STEFANO
FORZA ITALIA - BERLUSCONI PER MICHETTI - LIBERTAS - UNIONE,RICCARDO EVANGELISTA
FORZA ITALIA - BERLUSCONI PER MICHETTI - LIBERTAS - UNIONE,FEDERICA FALCHETTI
FORZA ITALIA - BERLUSCONI PER MICHETTI - LIBERTAS - UNIONE,SIMONE FOGLIO
FORZA ITALIA - BERLUSCONI PER MICHETTI - LIBERTAS - UNIONE,LAURA FROIO
FORZA ITALIA - BERLUSCONI PER MICHETTI - LIBERTAS - UNIONE,ANTONIO FUGAZZOTTO
FORZA ITALIA - BERLUSCONI PER MICHETTI - LIBERTAS - UNIONE,ROMEO IANSI
FORZA ITALIA - BERLUSCONI PER MICHETTI - LIBERTAS - UNIONE,DEBORAH IMPIERI
FORZA ITALIA - BERLUSCONI PER MICHETTI - LIBERTAS - UNIONE,GIUSEPPE LA FORTUNA
FORZA ITALIA - BERLUSCONI PER MICHETTI - LIBERTAS - UNIONE,SIMONE LEONI GHERGO
FORZA ITALIA - BERLUSCONI PER MICHETTI - LIBERTAS - UNIONE,LEONARDO LIO
FORZA ITALIA - BERLUSCONI PER MICHETTI - LIBERTAS - UNIONE,ALDO MARTINA
FORZA ITALIA - BERLUSCONI PER MICHETTI - LIBERTAS - UNIONE,CARLO MARTINO
FORZA ITALIA - BERLUSCONI PER MICHETTI - LIBERTAS - UNIONE,GABRIELE MAZZI
FORZA ITALIA - BERLUSCONI PER MICHETTI - LIBERTAS - UNIONE,MAURO MAZZONI
FORZA ITALIA - BERLUSCONI PER MICHETTI - LIBERTAS - UNIONE,SERENA MORONITI
FORZA ITALIA - BERLUSCONI PER MICHETTI - LIBERTAS - UNIONE,GIANNA MURATORI
FORZA ITALIA - BERLUSCONI PER MICHETTI - LIBERTAS - UNIONE,LUCIANO PANDOLFINI
FORZA ITALIA - BERLUSCONI PER MICHETTI - LIBERTAS - UNIONE,GIANLUCA PERLA
FORZA ITALIA - BERLUSCONI PER MICHETTI - LIBERTAS - UNIONE,ROSA MARIA PERRI
FORZA ITALIA - BERLUSCONI PER MICHETTI - LIBERTAS - UNIONE,ROBERTO RICCARDI
FORZA ITALIA - BERLUSCONI PER MICHETTI - LIBERTAS - UNIONE,ANGELA RICCI
FORZA ITALIA - BERLUSCONI PER MICHETTI - LIBERTAS - UNIONE,MARIANGELA RINALDI
FORZA ITALIA - BERLUSCONI PER MICHETTI - LIBERTAS - UNIONE,FEDERICA RIZZO
FORZA ITALIA - BERLUSCONI PER MICHETTI - LIBERTAS - UNIONE,STEFANO RONCACCIA
FORZA ITALIA - BERLUSCONI PER MICHETTI - LIBERTAS - UNIONE,PASQUALINA RUSSO
FORZA ITALIA - BERLUSCONI PER MICHETTI - LIBERTAS - UNIONE,FLAVIA SAGNELLI
FORZA ITALIA - BERLUSCONI PER MICHETTI - LIBERTAS - UNIONE,GIULIANA SALCE
FORZA ITALIA - BERLUSCONI PER MICHETTI - LIBERTAS - UNIONE,MARIO SANCHINI
FORZA ITALIA - BERLUSCONI PER MICHETTI - LIBERTAS - UNIONE,CINZIA SCANU
FORZA ITALIA - BERLUSCONI PER MICHETTI - LIBERTAS - UNIONE,GIORGIA VOLTERRA
PARTITO LIBERALE EUROPEO ROMA CON MICHETTI,CLAUDIO CECCHETTI
PARTITO LIBERALE EUROPEO ROMA CON MICHETTI,GIOVANNI antonio COCCO
PARTITO LIBERALE EUROPEO ROMA CON MICHETTI,ALESSANDRO DI CASTRO
PARTITO LIBERALE EUROPEO ROMA CON MICHETTI,LETIZIA SORTINO
PARTITO LIBERALE EUROPEO ROMA CON MICHETTI,ANDREA SANTEVECCHI
PARTITO LIBERALE EUROPEO ROMA CON MICHETTI,ROBERTO BALDI
PARTITO LIBERALE EUROPEO ROMA CON MICHETTI,ARIANNA SANTEVECCHI
PARTITO LIBERALE EUROPEO ROMA CON MICHETTI,GIOVANNI CROSTELLI
PARTITO LIBERALE EUROPEO ROMA CON MICHETTI,DOMENICO PIGNATA
PARTITO LIBERALE EUROPEO ROMA CON MICHETTI,EDGARDO CRESCENZI
PARTITO LIBERALE EUROPEO ROMA CON MICHETTI,ANNA PENSIERO
PARTITO LIBERALE EUROPEO ROMA CON MICHETTI,FABRIZIO CENCI
PARTITO LIBERALE EUROPEO ROMA CON MICHETTI,SAVERIO STOPPONI
PARTITO LIBERALE EUROPEO ROMA CON MICHETTI,SERGIO FAGIOLI
PARTITO LIBERALE EUROPEO ROMA CON MICHETTI,MAURIZIO IACOVELLI
PARTITO LIBERALE EUROPEO ROMA CON MICHETTI,PAOLA BONINFANTE
PARTITO LIBERALE EUROPEO ROMA CON MICHETTI,SABRINA ANTICI
PARTITO LIBERALE EUROPEO ROMA CON MICHETTI,BARBARA SANNINO
PARTITO LIBERALE EUROPEO ROMA CON MICHETTI,GIANLUCA NICCHI
PARTITO LIBERALE EUROPEO ROMA CON MICHETTI,ANDREA PIZZOLI
PARTITO LIBERALE EUROPEO ROMA CON MICHETTI,MARCO LUIGI MARINO BONEA
PARTITO LIBERALE EUROPEO ROMA CON MICHETTI,SILVIA ANTONINI
PARTITO LIBERALE EUROPEO ROMA CON MICHETTI,FILIPPO CECCHETTI
PARTITO LIBERALE EUROPEO ROMA CON MICHETTI,ANDREA CIULLA
PARTITO LIBERALE EUROPEO ROMA CON MICHETTI,ELEONORA CIGNITTI
PARTITO LIBERALE EUROPEO ROMA CON MICHETTI,GABRIELE VESTRI
PARTITO LIBERALE EUROPEO ROMA CON MICHETTI,ALESSANDRA CECCHETTI
PARTITO LIBERALE EUROPEO ROMA CON MICHETTI,VANDA D'INNOCENTI
PARTITO LIBERALE EUROPEO ROMA CON MICHETTI,STEFANO ANDREUCCIOLI
PARTITO LIBERALE EUROPEO ROMA CON MICHETTI,MORENA RUSSO
PARTITO LIBERALE EUROPEO ROMA CON MICHETTI,ANTONELLA GILARDI
PARTITO LIBERALE EUROPEO ROMA CON MICHETTI,ROBERTO SCATIZZI
PARTITO LIBERALE EUROPEO ROMA CON MICHETTI,MARCO TOMASSINI
PARTITO LIBERALE EUROPEO ROMA CON MICHETTI,DAVIDE CARDINALI
PARTITO LIBERALE EUROPEO ROMA CON MICHETTI,PAOLA DE ANGELIS
PARTITO LIBERALE EUROPEO ROMA CON MICHETTI,FEDERICA BIGOLIN
PARTITO LIBERALE EUROPEO ROMA CON MICHETTI,ANTONELLA CASTIELLO
PARTITO LIBERALE EUROPEO ROMA CON MICHETTI,FRANCESCO BERNARDIS
PARTITO LIBERALE EUROPEO ROMA CON MICHETTI,GIANNI CAMPAGNA
ITALIA DEI VALORI,PAOLA ACQUAVIVA
ITALIA DEI VALORI,LUCIA AGRESTA
ITALIA DEI VALORI,MASSIMILIANO BOSSA
ITALIA DEI VALORI,NIKOLA CECCHINI
ITALIA DEI VALORI,DANIELA CIAFARDINI
ITALIA DEI VALORI,RAFFAELLA CIANFROCCA
ITALIA DEI VALORI,CLAUDIA CIORCIOLINI
ITALIA DEI VALORI,ANTONIO CITRO
ITALIA DEI VALORI,NICOLA CODIPIETRO
ITALIA DEI VALORI,MAURIZIO CONVERSANO
ITALIA DEI VALORI,CLAUDIO CUTOLO
ITALIA DEI VALORI,MARCELLO DE LUCA
ITALIA DEI VALORI,REMIGIO DEL GROSSO
ITALIA DEI VALORI,COSTANTINO DI PIETRANTONIO
ITALIA DEI VALORI,ROMINA DI VITO
ITALIA DEI VALORI,GIULIO FRANCISCI
ITALIA DEI VALORI,ENNIO GATTONE
ITALIA DEI VALORI,RAFFAELE GENTILE
ITALIA DEI VALORI,VALENTINA LAPALORCIA
ITALIA DEI VALORI,ALESSANDRA LUZZA
ITALIA DEI VALORI,SIMONE LUZZA
ITALIA DEI VALORI,ALESSANDRA MARSILI
ITALIA DEI VALORI,MASSIMO MAZZARINI
ITALIA DEI VALORI,MIRELLA MENICANTI
ITALIA DEI VALORI,GIUSEPPINA MONTANO
ITALIA DEI VALORI,FEDERICA NARDINI
ITALIA DEI VALORI,VALENTINA PARAVANI
ITALIA DEI VALORI,GRAZIELLA PUNGITORE
ITALIA DEI VALORI,FRANCO RABATTI
ITALIA DEI VALORI,WILLIAM RUSSELL
ITALIA DEI VALORI,CLAUDIO SANGUEDOLCE
ITALIA DEI VALORI,SIMONE TAGLIAVINI
ITALIA DEI VALORI,STEFANIA TAVANI
ITALIA DEI VALORI,ANGELO TAVELLA
ITALIA DEI VALORI,ROSITA TRAIANI
ITALIA DEI VALORI,ROBERTO VAJANI
ITALIA DEI VALORI,ANNA VENANZI
ITALIA DEI VALORI,ALESSIA VOLPONI
VERITA' 3V LIBERTA',DELIA PATACCHIOLA
VERITA' 3V LIBERTA',MARCO DE MATTEIS
VERITA' 3V LIBERTA',MARCELLA MASTRILLI
VERITA' 3V LIBERTA',FRANCESCO NERI
VERITA' 3V LIBERTA',RAFFAELLA RAGNO
VERITA' 3V LIBERTA',ALESSANDRO TREGLIA
VERITA' 3V LIBERTA',MARICA RULLI
VERITA' 3V LIBERTA',FRANCESCO SCARCELLI
VERITA' 3V LIBERTA',SILVIA SANDO
VERITA' 3V LIBERTA',FABIO FABRIZI
VERITA' 3V LIBERTA',CINZIA ROMOLI
VERITA' 3V LIBERTA',LUIGI CUOMO
VERITA' 3V LIBERTA',TIZIANA IMPECIATI
VERITA' 3V LIBERTA',LUIGI FRANCESCO GELFUSA
VERITA' 3V LIBERTA',CLAUDIA PAGANELLI
VERITA' 3V LIBERTA',GIORGIO CRUCITTI
VERITA' 3V LIBERTA',MARIA LUCIA STRINATI
VERITA' 3V LIBERTA',LUCA FRANCESCO DEL NEVO
VERITA' 3V LIBERTA',ALESSANDRA LA CIURA
VERITA' 3V LIBERTA',EUGENIO ASCENZI
VERITA' 3V LIBERTA',ANTONIA SARCINA
VERITA' 3V LIBERTA',MASSIMO FALEGNAMI
VERITA' 3V LIBERTA',SABRINA PALMA
VERITA' 3V LIBERTA',FRANCESCO PANTALEO
VERITA' 3V LIBERTA',ORESTE D'AQUINO
VERITA' 3V LIBERTA',ELISABETTA LOMBARDI
VERITA' 3V LIBERTA',SOFIA SCRIPILLITI
VERITA' 3V LIBERTA',DOMENICO COSTA
VERITA' 3V LIBERTA',ALBERTA BIRESSI
VERITA' 3V LIBERTA',PIETRO LAINO
VERITA' 3V LIBERTA',VERA BIANCHI
VERITA' 3V LIBERTA',FEDERICO AMBROSI DE MAGISTRIS
VERITA' 3V LIBERTA',STEFANIA CASTIGLIONI
VERITA' 3V LIBERTA',ENRICO TILOMELLI
VERITA' 3V LIBERTA',MANUELA MURA
VERITA' 3V LIBERTA',CRISTINA D'ONOFRIO
VERITA' 3V LIBERTA',GRAZIA TANZARELLA
VERITA' 3V LIBERTA',VALENTINA BENI
CULTURA E INNOVAZIONE ROMA ECOLOGISTA VIRGINIA RAGGI SINDAC,ALESSANDRO BIANCHI
CULTURA E INNOVAZIONE ROMA ECOLOGISTA VIRGINIA RAGGI SINDAC,LAPO SERMONTI
CULTURA E INNOVAZIONE ROMA ECOLOGISTA VIRGINIA RAGGI SINDAC,ALESSANDRO CARDENTE
CULTURA E INNOVAZIONE ROMA ECOLOGISTA VIRGINIA RAGGI SINDAC,MARTINA MATTERA
CULTURA E INNOVAZIONE ROMA ECOLOGISTA VIRGINIA RAGGI SINDAC,FRANCESCO MEZZATESTA
CULTURA E INNOVAZIONE ROMA ECOLOGISTA VIRGINIA RAGGI SINDAC,VINCENZO PULTRONE
CULTURA E INNOVAZIONE ROMA ECOLOGISTA VIRGINIA RAGGI SINDAC,MANUELA MIRAGLIA
CULTURA E INNOVAZIONE ROMA ECOLOGISTA VIRGINIA RAGGI SINDAC,MARIA ROSITO
CULTURA E INNOVAZIONE ROMA ECOLOGISTA VIRGINIA RAGGI SINDAC,SANDRA ABBONDANDOLO
CULTURA E INNOVAZIONE ROMA ECOLOGISTA VIRGINIA RAGGI SINDAC,VALERIA ZAZZARETTA
CULTURA E INNOVAZIONE ROMA ECOLOGISTA VIRGINIA RAGGI SINDAC,LUCA FRANCESCHETTI
CULTURA E INNOVAZIONE ROMA ECOLOGISTA VIRGINIA RAGGI SINDAC,ANOUAR JAMALI
CULTURA E INNOVAZIONE ROMA ECOLOGISTA VIRGINIA RAGGI SINDAC,MATTEO ANTONIO ACCIARESI
CULTURA E INNOVAZIONE ROMA ECOLOGISTA VIRGINIA RAGGI SINDAC,STEFANO AIELLO
CULTURA E INNOVAZIONE ROMA ECOLOGISTA VIRGINIA RAGGI SINDAC,BRUNA ANTONELLI
CULTURA E INNOVAZIONE ROMA ECOLOGISTA VIRGINIA RAGGI SINDAC,GIACOMO BALESTRIERI
CULTURA E INNOVAZIONE ROMA ECOLOGISTA VIRGINIA RAGGI SINDAC,ANDREA BATTICANI
CULTURA E INNOVAZIONE ROMA ECOLOGISTA VIRGINIA RAGGI SINDAC,ROBERTO BIANCHINI
CULTURA E INNOVAZIONE ROMA ECOLOGISTA VIRGINIA RAGGI SINDAC,GIUSEPPE BUNGARO
CULTURA E INNOVAZIONE ROMA ECOLOGISTA VIRGINIA RAGGI SINDAC,MASSIMILIANO CALIFANO DI MARINO
CULTURA E INNOVAZIONE ROMA ECOLOGISTA VIRGINIA RAGGI SINDAC,FABIO CAPPONI
CULTURA E INNOVAZIONE ROMA ECOLOGISTA VIRGINIA RAGGI SINDAC,CRISTIAN CLAUDIO CATALANO SOARE
CULTURA E INNOVAZIONE ROMA ECOLOGISTA VIRGINIA RAGGI SINDAC,ANNAMARIA CENTOLA
CULTURA E INNOVAZIONE ROMA ECOLOGISTA VIRGINIA RAGGI SINDAC,CHIARA d'ANTONIO
CULTURA E INNOVAZIONE ROMA ECOLOGISTA VIRGINIA RAGGI SINDAC,MASSIMO DI CAMILLO
CULTURA E INNOVAZIONE ROMA ECOLOGISTA VIRGINIA RAGGI SINDAC,GENZIANA DELLE CHIAIE
CULTURA E INNOVAZIONE ROMA ECOLOGISTA VIRGINIA RAGGI SINDAC,RICCARDO DEL NONNO
CULTURA E INNOVAZIONE ROMA ECOLOGISTA VIRGINIA RAGGI SINDAC,ELISABETTA DE LUCA
CULTURA E INNOVAZIONE ROMA ECOLOGISTA VIRGINIA RAGGI SINDAC,IVANA DONDERO
CULTURA E INNOVAZIONE ROMA ECOLOGISTA VIRGINIA RAGGI SINDAC,ROBERTA FRANCESCONE
CULTURA E INNOVAZIONE ROMA ECOLOGISTA VIRGINIA RAGGI SINDAC,ANTONINO GERACI
CULTURA E INNOVAZIONE ROMA ECOLOGISTA VIRGINIA RAGGI SINDAC,VITTORIO GIANNINI
CULTURA E INNOVAZIONE ROMA ECOLOGISTA VIRGINIA RAGGI SINDAC,MAURIZIO GRASSI
CULTURA E INNOVAZIONE ROMA ECOLOGISTA VIRGINIA RAGGI SINDAC,PAOLO LANZI
CULTURA E INNOVAZIONE ROMA ECOLOGISTA VIRGINIA RAGGI SINDAC,MICHELE LO SURDO
CULTURA E INNOVAZIONE ROMA ECOLOGISTA VIRGINIA RAGGI SINDAC,TIZIANA MANCINI
CULTURA E INNOVAZIONE ROMA ECOLOGISTA VIRGINIA RAGGI SINDAC,FILIPPO MARGIO
CULTURA E INNOVAZIONE ROMA ECOLOGISTA VIRGINIA RAGGI SINDAC,DANIELE MITRANI
CULTURA E INNOVAZIONE ROMA ECOLOGISTA VIRGINIA RAGGI SINDAC,SIMONA MORELLI
CULTURA E INNOVAZIONE ROMA ECOLOGISTA VIRGINIA RAGGI SINDAC,CLOTILDE PICHIERRI
CULTURA E INNOVAZIONE ROMA ECOLOGISTA VIRGINIA RAGGI SINDAC,BRUNO PICENTINO
CULTURA E INNOVAZIONE ROMA ECOLOGISTA VIRGINIA RAGGI SINDAC,ELISABETTA PRANZONI
CULTURA E INNOVAZIONE ROMA ECOLOGISTA VIRGINIA RAGGI SINDAC,ANTONIO QUAGLIERI
CULTURA E INNOVAZIONE ROMA ECOLOGISTA VIRGINIA RAGGI SINDAC,ALESSIA RUGGERI
CULTURA E INNOVAZIONE ROMA ECOLOGISTA VIRGINIA RAGGI SINDAC,SAVERIO RUDI
CULTURA E INNOVAZIONE ROMA ECOLOGISTA VIRGINIA RAGGI SINDAC,RICCARDO SUCCU
CULTURA E INNOVAZIONE ROMA ECOLOGISTA VIRGINIA RAGGI SINDAC,AMEDEO TINELLI
CULTURA E INNOVAZIONE ROMA ECOLOGISTA VIRGINIA RAGGI SINDAC,MARTINA MISTRETTA
